name,date,tempmax,tempmin,temp,feelslikemax,feelslikemin,feelslike,dew,humidity,precip,precipprob,precipcover,windgust,windspeed,winddir,sealevelpressure,cloudcover,visibility,solarradiation,solarenergy,uvindex,severerisk,moonphase
dhaka,1/1/2024,76.2,60.6,67.1,76.2,60.6,67.1,60.7,80.7,0,0,0,13,8.1,304.2,1015.6,14.3,1.2,157.8,13.6,7,10,0.67
dhaka,1/2/2024,71.7,58.9,63.6,71.7,58.9,63.6,57.9,82.2,0,0,0,11.4,6.9,312.7,1015.9,18.5,1.2,147.6,12.7,6,10,0.7
dhaka,1/3/2024,73.4,59,63.8,73.4,59,63.8,57.9,81.8,0,0,0,11.6,5.8,353.6,1015.8,39.2,1.3,169.6,14.7,7,10,0.73
dhaka,1/4/2024,75.4,57.2,65.1,75.4,57.2,65.1,59.2,82.1,0,0,0,11.9,4.7,79.3,1015.4,29.4,1,167.6,14.6,7,10,0.75
dhaka,1/5/2024,71.2,57.2,63.6,71.2,57.2,63.6,59.7,87.6,0,0,0,14.3,4.7,97.9,1016.2,39.8,0.9,181.6,15.5,7,10,0.8
dhaka,1/6/2024,78.6,58.8,67.6,78.6,58.8,67.6,57.9,73.4,0,0,0,13,9.2,313.5,1016.3,19.8,1.6,180.1,15.5,7,10,0.83
dhaka,1/7/2024,79,60.8,68.7,79,60.8,68.7,58,69.8,0,0,0,12.8,6.9,303.1,1017.1,0,1.9,175.4,15.1,7,10,0.86
dhaka,1/8/2024,77,60.8,67.6,77,60.8,67.6,59.5,76.4,0,0,0,15,10.3,303.4,1017.4,20.7,1.5,179.1,15.4,7,10,0.9
dhaka,1/9/2024,74.1,60.8,66.1,74.1,60.8,66.1,59.5,79.9,0,0,0,15,8.1,298.2,1016.6,22,1.3,183.1,15.7,7,10,0.93
dhaka,1/10/2024,75.2,57.2,64.9,75.2,57.2,64.9,58.7,81,0,0,0,12.8,6.9,334.7,1015.3,16.9,1.2,180.6,15.7,7,10,0.96
dhaka,1/11/2024,70,58.6,63.8,70,58.6,63.8,57.1,79.4,0,0,0,15.2,12.8,319.3,1016.7,8.7,1.3,172.4,14.9,7,10,0
dhaka,1/12/2024,64.4,57.2,60.2,64.4,57.2,60.2,54.3,81.2,0,0,0,16.3,10.3,303.4,1016.1,65.5,1.3,149.2,12.7,7,10,0.03
dhaka,1/13/2024,66.2,57.2,60.6,66.2,57.2,60.6,54.3,79.8,0,0,0,13.6,8.1,321.4,1015.8,86.3,2,179.6,15.5,7,10,0.06
dhaka,1/14/2024,64.4,57.2,60.6,64.4,57.2,60.6,56.1,85.5,0,0,0,9.2,5.8,293.9,1015.3,83.4,1,160.5,13.9,7,10,0.1
dhaka,1/15/2024,71.6,59,63.1,71.6,59,63.1,56.4,79.4,0,0,0,10.5,9.2,295.9,1014.9,64.6,1.4,162.4,13.9,6,10,0.13
dhaka,1/16/2024,64.5,57.2,59.9,64.5,57.2,59.9,54.4,82.2,0,0,0,8.5,5.8,298.6,1015.1,83.5,1,119.6,10.4,6,10,0.17
dhaka,1/17/2024,63.3,55.4,58.6,63.3,55.4,58.6,54.9,87.5,0,0,0,11.2,6.9,328.4,1015.5,76.4,0.8,158.8,13.7,6,10,0.2
dhaka,1/18/2024,72.5,55.4,62.1,72.5,55.4,62.1,55.7,80.9,0,0,0,13.4,4.7,34.3,1015.6,68.4,1.2,157.5,13.5,7,10,0.25
dhaka,1/19/2024,76.4,59,67,76.4,59,67,57.7,73.3,0,0,0,12.1,6.9,320,1016.3,41.7,1.7,169.4,14.7,7,10,0.27
dhaka,1/20/2024,73.4,57.2,63.8,73.4,57.2,63.8,56.8,78.8,0,0,0,13,9.2,298.8,1016.2,36,1.1,191,16.5,7,10,0.31
dhaka,1/21/2024,72.3,57.2,62.7,72.3,57.2,62.7,55.9,79.7,0,0,0,15,8.1,308.3,1016,28.1,1.1,185.7,16.2,7,10,0.34
dhaka,1/22/2024,62.6,51.8,57.3,62.6,51.8,57.3,52.4,84.1,0,0,0,11.6,8.1,305.4,1018.4,52.6,1,189.9,16.4,7,10,0.38
dhaka,1/23/2024,71.8,51.9,60.5,71.8,51.9,60.5,54.3,81.1,0,0,0,10.3,6.9,285.6,1016.8,47.2,1.1,190.1,16.4,7,10,0.41
dhaka,1/24/2024,73,53.6,62.4,73,53.6,62.4,56.1,80.8,0.056,100,41.67,13,5.8,59.3,1017,59.6,1,109.9,9.6,6,10,0.45
dhaka,1/25/2024,73.4,57.2,65.1,73.4,57.2,65.1,58.3,79.4,0.008,100,8.33,8.9,8.1,41.9,1018.8,77,1,160.2,13.9,6,10,0.5
dhaka,1/26/2024,75.2,59,65.6,75.2,59,65.6,55.7,71.5,0,0,0,14.1,9.2,315,1019.2,41.3,1.5,181.8,15.9,7,10,0.52
dhaka,1/27/2024,74.2,55.4,63.4,74.2,55.4,63.4,50.5,65.1,0,0,0,13.2,9.2,286.1,1018.9,13.5,2,202.8,17.6,8,10,0.55
dhaka,1/28/2024,77.6,55.5,65,77.6,55.5,65,50.8,62.2,0,0,0,13,9.2,300.6,1018.6,26.7,2.1,211.1,18.3,8,10,0.58
dhaka,1/29/2024,77,54.8,64.7,77,54.8,64.7,49.1,58.7,0,0,0,11.4,9.2,279.8,1017.4,22.9,2.2,209.4,18.1,8,10,0.62
dhaka,1/30/2024,77.8,55.4,66.6,77.8,55.4,66.6,55.3,68.6,0,0,0,8.7,4.7,92.6,1016.5,46.4,1.5,199.5,17.4,8,10,0.65
dhaka,1/31/2024,79.2,62.6,69.4,79.2,62.6,69.4,58.5,69.1,0,0,0,13.9,8.1,213.8,1016.1,63.2,1.7,155.6,13.4,6,10,0.68
dhaka,2/1/2024,77.6,64.4,70.3,77.6,64.4,70.3,61.1,73.6,0.024,100,12.5,13,6.9,171.4,1016.3,73.2,1.5,151.3,13.1,7,10,0.71
dhaka,2/2/2024,79.6,64.4,70.7,79.6,64.4,70.7,62.6,76.5,0.096,100,62.5,22.6,8.1,254.3,1014.9,49.1,1.7,155.6,13.4,6,10,0.75
dhaka,2/3/2024,80.1,62.6,70,79.1,62.6,69.9,55.8,64,0,0,0,20.4,13.9,245,1015.7,29.2,2,216.7,18.6,8,10,0.75
dhaka,2/4/2024,81,59.2,69.2,81.1,59.2,69.1,54,60.4,0,0,0,15.2,11.4,276.6,1017,17,2.1,215.1,18.5,8,10,0.81
dhaka,2/5/2024,81.4,60.8,69.8,80.5,60.8,69.7,54.2,59.9,0,0,0,15.9,6.9,278,1016.8,22.1,2.2,208.2,17.9,8,10,0.85
dhaka,2/6/2024,76.5,64.4,70.5,76.5,64.4,70.5,59.1,67.6,0.008,100,4.17,15.7,5.8,291.5,1016.3,43.6,2.1,144.3,12.4,6,10,0.88
dhaka,2/7/2024,77.7,64.4,70.1,77.7,64.4,70.1,55.1,61.2,0,0,0,17.2,10.3,299,1016.2,35.3,2.1,183.9,16.1,8,10,0.91
dhaka,2/8/2024,76.6,59,67,76.6,59,67,49.9,56.4,0,0,0,16.1,10.3,310.3,1016.2,22.9,2.3,223.5,19.3,8,10,0.94
dhaka,2/9/2024,78.3,57.2,66.9,78.3,57.2,66.9,47.7,52.2,0,0,0,13.4,10.3,310.7,1018.2,12.5,2.4,227.3,19.6,8,10,0.98
dhaka,2/10/2024,80.2,59,68.8,79.4,59,68.8,53.2,59.9,0,0,0,14.8,10.3,297.7,1018,1,2.2,224.6,19.4,8,10,0
dhaka,2/11/2024,82,59,70.3,80.8,59,70.2,54.3,59.6,0,0,0,11.9,8.1,294.2,1018.5,10.2,2.1,225.4,19.4,8,10,0.04
dhaka,2/12/2024,83.4,63.9,71.8,81.1,63.9,71.5,52.5,54.4,0,0,0,11.9,8.1,306,1018.8,45.1,2.1,224.5,19.3,8,10,0.08
dhaka,2/13/2024,84.6,60.8,71.8,81.9,60.8,71.3,50.3,50.7,0,0,0,11.4,8.1,328.5,1018,35.3,2.3,221.2,19.1,8,10,0.11
dhaka,2/14/2024,83.1,64.4,72.5,83.4,64.4,72.4,56.6,59.5,0,0,0,10.3,5.8,56.7,1017.1,43.3,2.1,200,17.2,8,10,0.15
dhaka,2/15/2024,83.2,68,75.1,83.6,68,75.2,60.7,62,0,0,0,14.8,8.1,345.4,1017.2,57.6,2,212.4,18.4,8,10,0.18
dhaka,2/16/2024,84.8,68,74.9,83.1,68,74.7,60.2,63.1,0,0,0,16.6,11.4,312.9,1016.5,24.3,2,217.3,18.7,8,10,0.25
dhaka,2/17/2024,82,64.3,72.8,81,64.3,72.7,57.5,61.3,0,0,0,14.1,9.2,290.4,1014.3,19.4,2,230.6,19.9,8,10,0.25
dhaka,2/18/2024,83.7,62.6,72.3,81.9,62.6,72,56.5,61.2,0,0,0,12.1,6.9,258.4,1014.3,42,1.9,226.8,19.6,8,10,0.28
dhaka,2/19/2024,84.4,65,74.1,83.7,65,74.1,58.5,60,0,0,0,11,5.8,286,1014,40.6,2,223.1,19.2,8,10,0.32
dhaka,2/20/2024,83.4,68,75,86.6,68,75.7,66.3,75,0.024,100,25,23.5,9.2,183.9,1011.4,47.5,1.7,176.3,15.3,8,10,0.35
dhaka,2/21/2024,86.8,71.6,78.3,88.4,71.6,78.6,65.9,67.8,0.024,100,4.17,17.4,9.2,242.6,1009.9,55.7,2.3,188.7,16.2,8,10,0.39
dhaka,2/22/2024,82.4,68,74.9,86.2,68,75.5,68.1,79.9,0.221,100,25,26.4,13.9,163.5,1010.4,81.9,2.1,124,10.7,5,10,0.42
dhaka,2/23/2024,82.5,68,72.5,81.8,68,72.5,62,71.8,0.48,100,33.33,20.1,8.1,13.2,1013.3,71.8,2.4,134.2,11.5,6,10,0.46
dhaka,2/24/2024,82.6,66.2,74.3,82.6,66.2,74.3,60.9,65.2,0,0,0,15.4,6.9,44.7,1015.2,42.5,2.5,187.7,16.4,7,10,0.5
dhaka,2/25/2024,79.4,66.2,72,79.4,66.2,72,56.5,59.7,0,0,0,25.3,13.9,15.4,1016.1,74.6,2.5,197.8,17.1,7,10,0.52
dhaka,2/26/2024,83.4,63.9,72.5,81,63.9,72.1,51.5,51.8,0,0,0,14.1,9.2,348.1,1016.2,20.5,2.6,243.9,20.9,9,10,0.56
dhaka,2/27/2024,82.8,64.4,73.2,80.8,64.4,73,53.3,51.9,0,0,0,13.9,8.1,308.7,1014.8,46.6,2.4,213.6,18.4,8,10,0.59
dhaka,2/28/2024,85.2,64.4,75.2,83,64.4,74.7,53.6,50,0,0,0,14.3,5.8,286.1,1012.5,36.8,2.3,245,21.1,9,10,0.63
dhaka,2/29/2024,85.6,66.9,75.9,83.9,66.9,75.6,57.7,55.7,0,0,0,15,8.1,304.8,1013.5,35,2.1,243.9,21,9,10,0.66
dhaka,3/1/2024,86.2,66.3,76.4,84.2,66.3,75.8,54.6,50.6,0,0,0,15.9,11.4,317.1,1014.5,3.6,2.6,253.7,21.8,9,10,0.69
dhaka,3/2/2024,86.2,64.4,75.7,83.3,64.4,75,52.9,48.5,0,0,0,13.9,13.9,307.6,1013.2,1.1,2.6,256.4,22.1,9,10,0.73
dhaka,3/3/2024,87.4,66.2,76.9,85.1,66.2,76.5,57.5,53.5,0,0,0,14.8,11.4,289.2,1012.7,13.1,2.4,247.6,21.3,9,10,0.75
dhaka,3/4/2024,83.8,69.8,75.5,84.1,69.8,75.6,61.5,62.7,0.028,100,4.17,10.5,9.2,280.2,1012.7,68.5,2.6,175.2,15.1,6,10,0.79
dhaka,3/5/2024,86.2,69.8,77.7,84.3,69.8,77.3,58.9,55.6,0,0,0,18.1,11.4,300.9,1012.7,22.3,2.4,256.4,22.3,9,10,0.83
dhaka,3/6/2024,83.8,66.2,74.6,81.6,66.2,74.1,51.4,47.8,0,0,0,15,8.1,284.7,1013.1,0,2.6,268.3,23.4,9,10,0.86
dhaka,3/7/2024,86,63.2,74.4,83.1,63.2,73.8,49.7,44,0,0,0,14.8,9.2,334.4,1012.4,12.5,2.5,250.6,21.6,9,10,0.89
dhaka,3/8/2024,86.7,62.6,75.1,83.8,62.6,74.4,51.2,45.7,0,0,0,13.4,10.3,316.4,1012.7,1.2,2.7,267.7,23.2,9,10,0.93
dhaka,3/9/2024,85.6,64.5,75.2,82.7,64.5,74.6,50.7,45.1,0,0,0,15.4,10.3,310.1,1013.3,1.5,2.6,273.1,23.6,9,10,0.96
dhaka,3/10/2024,85,62.6,75,82.3,62.6,74.3,49.5,43.6,0,0,0,13.2,9.2,306.3,1014.9,2.8,2.6,276,23.8,9,10,0
dhaka,3/11/2024,87.9,64.4,77,85.7,64.4,76.3,54.4,48.2,0,0,0,13.6,6.9,292.8,1014,0,2.6,272,23.6,9,10,0.03
dhaka,3/12/2024,91.4,66.2,79.7,93.4,66.2,80.1,60.3,54.5,0,0,0,18.3,9.2,215.1,1011.9,1.4,2.4,251.3,21.7,9,10,0.06
dhaka,3/13/2024,92.8,75.2,82.7,91.2,75.2,82.7,63.1,57.7,0,0,0,14.8,11.4,211.2,1011.8,44.9,2.5,237.3,20.5,9,10,0.1
dhaka,3/14/2024,87.8,75.2,80.2,95.9,75.2,82.6,71.9,76.5,0.075,100,20.83,17.9,10.3,199,1011.7,60.4,2.5,191.9,16.4,6,10,0.13
dhaka,3/15/2024,92.6,71.2,81.3,94,71.2,82,66.2,64.2,0.024,100,8.33,13.6,7.5,184.7,1012.1,42.4,2.6,219,18.9,9,10,0.16
dhaka,3/16/2024,91.6,74.9,82.6,94.3,74.9,83.9,69,65.4,0.02,100,12.5,15.4,13.9,236.3,1013.4,40,2.4,246,21.3,9,30,0.2
dhaka,3/17/2024,91.4,71.6,81.1,92.2,71.6,82,65.1,60.3,0,0,0,17.4,23,275.2,1013.2,42.9,2.5,258.3,22.4,9,10,0.25
dhaka,3/18/2024,90.6,75.2,82.2,92.4,75.2,83.3,66.4,60.4,0.004,100,4.17,12.8,5.8,64.2,1012,54.7,2.3,222.3,19.2,9,10,0.26
dhaka,3/19/2024,91.4,71.6,80,92,71.6,80.4,65.7,63.9,0.036,100,20.83,14.5,12.8,25.4,1012.3,70.6,2.4,158.2,13.5,6,10,0.3
dhaka,3/20/2024,79.8,71.2,73.9,79.8,71.2,73.9,65.3,74.9,0.339,100,37.5,21.5,11.4,324.9,1013.7,92.3,2.4,117.7,10.3,6,10,0.33
dhaka,3/21/2024,78.3,66.5,72.5,78.3,66.5,72.5,64,75.7,0.248,100,33.33,19.9,12.8,161.1,1013.8,88.8,2.4,176,15.1,7,10,0.36
dhaka,3/22/2024,83.7,66,74.1,83.8,66,74.2,62.6,70,0.088,100,41.67,19.2,8.1,214.8,1010.5,47.3,2.3,222.4,19.2,8,10,0.4
dhaka,3/23/2024,88.2,68,78.2,87.2,68,78.4,64.7,66.4,0.012,100,12.5,15,10.3,177.3,1009,18.5,2.2,237.7,20.7,8,30,0.43
dhaka,3/24/2024,87.7,68.8,75.9,94.6,68.8,77.6,68.6,78.8,0.839,100,54.17,24.2,10.3,108.4,1011.2,77.9,2.5,174.4,15.1,8,30,0.47
dhaka,3/25/2024,90.4,69.8,79.9,97.5,69.8,83.7,70.8,75.1,0.417,100,45.83,20.1,13.9,158.1,1011.2,63,2.4,190.2,16.3,8,60,0.5
dhaka,3/26/2024,89.1,71.6,80.5,91.2,71.6,81.7,67.1,65.1,0.056,100,20.83,20.1,10.3,83.2,1012.2,49.2,2.6,239.3,20.5,8,30,0.53
dhaka,3/27/2024,90.2,75.1,80.6,98.2,75.1,83.5,70.8,73,0.37,100,20.83,21.3,10.3,131.9,1013.2,57.4,2.3,268.3,23.4,9,30,0.57
dhaka,3/28/2024,87.7,73.3,79,95.7,73.3,81.4,70.2,75.1,0.179,100,41.67,15.2,9.2,122.4,1010.9,67.4,2.4,208.1,17.9,7,30,0.6
dhaka,3/29/2024,87.7,73.3,80.1,95.7,73.3,83.6,72,77.2,0.012,100,8.33,17.2,8.1,134,1009.6,70.6,2,213.6,18.5,7,10,0.64
dhaka,3/30/2024,91.3,78.7,84.5,104.9,78.7,92.7,76.6,77.9,0.226,100,50,22.6,16.1,183.2,1009.8,87,2.9,178.2,15.3,7,75,0.67
dhaka,3/31/2024,87.7,69.7,81.5,92.6,69.7,85.9,71.9,73.9,0.039,100,8.33,25.1,20.8,174.7,1009.5,61.8,2.4,246.5,21.4,9,75,0.71
dhaka,4/1/2024,96.7,76.9,86.2,102.4,76.9,90.3,70.5,63.1,0,0,0,20.6,16.1,189.5,1005.3,29.7,2.4,286.5,24.8,9,75,0.74
dhaka,4/2/2024,94.9,78.8,85.8,100.3,78.8,91,72.2,67.3,0,0,0,18.6,15,184.6,1005.7,38.8,2.5,283.7,24.5,9,75,0.75
dhaka,4/3/2024,95.7,80.5,87.1,103.2,85.9,95.7,74.8,69,0,0,0,19,15,201.4,1007.3,35,3.2,273.9,23.8,9,75,0.81
dhaka,4/4/2024,95,80.6,86.4,105.2,86.2,95.7,75.6,71.5,0.004,100,4.17,20.8,16.1,189,1007,44.6,2.6,277.1,24,9,75,0.84
dhaka,4/5/2024,91.4,82.4,85.2,107.8,90.9,97,78.1,79.8,0.095,100,25,18.1,12.8,172.1,1005.9,61.4,2.5,192.3,16.4,7,75,0.88
dhaka,4/6/2024,96.8,82.4,87.8,109.8,92.4,98.1,76.1,70.5,0,0,0,18.8,11.4,180,1005.8,61.4,2.5,271.9,23.6,9,75,0.91
dhaka,4/7/2024,87.8,80.6,83.4,102.4,83.9,91.1,74.6,75.4,0,0,0,23.9,11.4,193.2,1007.1,76.5,2.5,206.5,17.8,7,100,0.95
dhaka,4/8/2024,84.2,77,81.1,87.2,77,83.7,69,67.3,0.004,100,4.17,15.2,6.9,232,1009.8,79.8,2.5,259.8,22.5,9,10,0.98
dhaka,4/9/2024,93.2,71.6,82.7,94.2,71.6,83.9,65.2,58,0,0,0,9.2,6.9,258.5,1010.1,50,2.4,287.6,24.8,9,10,0
dhaka,4/10/2024,93.9,75.2,84.3,100.6,75.2,87.7,70.4,64.9,0,0,0,11.9,6.9,114.9,1010.4,69.9,2.4,243.2,21,9,10,0.05
dhaka,4/11/2024,95.8,77,85.3,98.2,77,87.8,68.9,60.5,0.004,100,4.17,12.1,9.2,358.4,1011.4,71.9,2.6,239,20.5,9,10,0.08
dhaka,4/12/2024,97.4,78.8,87.8,97.4,78.8,89.4,64.9,49.7,0,0,0,13.6,6.9,352.3,1010.8,57.5,2.6,265.1,22.8,10,10,0.11
dhaka,4/13/2024,98.6,78.8,87.7,100.5,78.8,90.1,66.3,50.8,0.004,100,4.17,11.4,4.7,107.3,1010.2,46.3,2.7,265.1,22.9,10,10,0.15
dhaka,4/14/2024,98.4,79.4,88,100.6,79.4,90.8,66.5,50.6,0.083,100,8.33,15.9,5.8,248.3,1010.2,53.5,2.5,264.8,22.9,9,10,0.18
dhaka,4/15/2024,99.3,80.6,89.7,101.2,83.3,92,65.4,46.7,0.004,100,4.17,14.3,6.9,222,1009.3,29.5,2.5,287.5,24.8,9,10,0.21
dhaka,4/16/2024,100.4,77,86.8,110,77,91.7,70.5,60.1,0.343,100,16.67,28.9,13.9,181.2,1006.9,44.4,2.6,271.5,23.3,9,30,0.25
dhaka,4/17/2024,95.8,78.8,85.5,116.1,78.8,94.3,75.1,72.1,0.2,100,12.5,21.5,13.9,171,1005.1,62.1,2.6,257.3,22,9,100,0.28
dhaka,4/18/2024,96.9,77,86.4,108.1,77,94.3,74.2,68.8,0.064,100,20.83,20.4,11.4,148.7,1004.9,56.2,2.6,251,21.7,9,100,0.31
dhaka,4/19/2024,100.5,82.4,90.4,110,90.9,99.9,74.1,63.2,0,0,0,26.8,17.2,192.4,1001.8,12.4,2.9,281.1,24.4,10,100,0.34
dhaka,4/20/2024,104.1,82.4,92,112.2,92.4,101.2,72.8,59.6,0,0,0,24.8,13.9,199.9,1001.2,15.2,2.9,306.8,26.4,10,75,0.38
dhaka,4/21/2024,100.4,84.2,90.5,113.8,94.2,104.2,77.6,67.9,0,0,0,25.5,20.8,186,1002.9,21.2,2.9,287.2,24.8,10,100,0.41
dhaka,4/22/2024,100.4,84.2,90.8,112.2,94.2,103.6,76.5,65.9,0,0,0,20.4,17.2,195.8,1004.8,52.5,2.7,276.1,23.7,9,100,0.44
dhaka,4/23/2024,100.5,83.7,91.1,107.4,95.8,101.5,74.4,62.5,0,0,0,18.3,15,200.4,1004.3,33.6,2.7,260.8,22.5,9,75,0.48
dhaka,4/24/2024,102.2,83.7,91.8,104.4,91,98.3,70,52.6,0.067,100,8.33,19,10.3,212.9,1003.6,29.1,3,270.9,23.3,9,30,0.5
dhaka,4/25/2024,102.3,82.4,91.8,111.5,90.9,100.2,71.4,56.8,0,0,0,16.6,11.4,205.3,1004.4,29.8,2.9,295.9,25.6,10,60,0.54
dhaka,4/26/2024,101.2,82.4,90.6,114.9,90.9,104.1,77.4,67.8,0,0,0,24.2,12.8,185.4,1004.3,17.4,2.8,288.7,24.9,10,75,0.58
dhaka,4/27/2024,98.6,80.6,90,112.4,85.3,103.9,77.8,69.2,0,0,0,23.3,13.9,175.7,1004.6,22,2.9,285,24.5,9,100,0.62
dhaka,4/28/2024,102.2,84.2,91.4,118.6,96.1,107,78.3,68.3,0,0,0,20.8,13.9,199,1004.3,37,2.9,289.1,24.8,9,100,0.65
dhaka,4/29/2024,104.4,85.4,92.8,111.5,101.8,105.7,75,62,0,0,0,22.4,13.9,203.6,1004.7,15.8,2.9,296.8,25.7,10,75,0.69
dhaka,4/30/2024,102.2,84.2,91.5,117.2,94.2,107,78.5,67.7,0.008,100,4.17,24.4,17.2,179.1,1001.2,19.3,3,291.6,25.2,10,100,0.72
dhaka,5/1/2024,103.9,83.4,92.4,107.5,95.8,102.6,73,59.2,0.004,100,4.17,21.9,16.1,191.3,1000.1,20.7,3.4,292.1,25.4,10,100,0.75
dhaka,5/2/2024,100.4,84.2,91.8,110,93.6,101.3,72.8,57.8,0.076,100,29.17,19.5,11.4,215.3,1000.8,44.2,2.9,240.5,20.6,8,100,0.79
dhaka,5/3/2024,98.6,77,88.1,107.8,77,94.5,72.3,62.6,0.052,100,25,22.4,11.4,157.6,1004.7,29.7,2.7,246,21.2,9,100,0.83
dhaka,5/4/2024,98.6,80.6,89.5,107.8,86.2,99.4,74.8,64.1,0.104,100,37.5,20.1,13.9,181,1005.4,58.5,2.9,217.8,18.6,9,75,0.86
dhaka,5/5/2024,96.9,73.5,86.7,110,73.5,95.3,74.7,69.1,1.532,100,70.83,30.6,24.2,187.6,1003.2,70.8,2.7,222.5,19.1,8,75,0.9
dhaka,5/6/2024,84.9,71.6,77.1,90.5,71.6,78.4,69.8,78.9,1.363,100,45.83,26.2,18.3,101.4,1006.7,85.9,2.8,151.5,13,7,100,0.93
dhaka,5/7/2024,89.7,71.6,80.4,91.9,71.6,82.1,67.8,67.4,1.048,100,29.17,21.7,13.9,69.3,1010,64.4,2.8,158.4,13.7,7,30,0.97
dhaka,5/8/2024,89.6,73.2,80.3,98.2,73.2,82.8,70.8,73.5,0.024,100,8.33,11.2,20.8,75.4,1010.1,79.6,2.7,248.5,21.3,9,10,0
dhaka,5/9/2024,92.2,75.2,82.7,98.7,75.2,85.6,70.4,67.9,0.012,100,12.5,12.3,9.2,238.2,1008.9,61.1,2.5,261.4,22.4,8,30,0.04
dhaka,5/10/2024,93.2,77,84.3,97,77,86.9,68,59.3,0.17,100,37.5,15.7,11.4,215.5,1009.3,43.7,2.6,236.4,20.4,9,10,0.07
dhaka,5/11/2024,86.4,71.9,80.6,93,71.9,84.3,72.8,77.8,0.189,100,29.17,15.7,10.3,120.3,1010.4,59,2.7,189.9,16.5,6,30,0.1
dhaka,5/12/2024,91.9,76.6,82.5,98.7,76.6,86,72.1,72.1,0.032,100,25,10.5,16.1,141.3,1010.3,34.5,2.8,238.6,20.6,9,30,0.13
dhaka,5/13/2024,91.6,77,85,100.9,77,90.9,73.7,70.3,0.012,100,12.5,11.4,6.9,193.7,1009.2,33.3,2.6,274,23.7,8,30,0.17
dhaka,5/14/2024,95,80.6,87.9,107.6,86.2,97.8,75.5,68.2,0.024,100,20.83,10.1,8.1,202,1008.7,38.3,2.8,263.6,22.7,9,10,0.2
dhaka,5/15/2024,95.8,82.4,88.8,110,88.3,99.4,75.6,65.9,0.012,100,4.17,12.8,9.2,214.1,1009.4,18.3,2.8,281.7,24.3,9,30,0.25
dhaka,5/16/2024,98.7,83.4,90.6,108.7,92.8,100.8,74.7,61.4,0,0,0,14.1,6.9,256.6,1008.3,29.5,2.9,295.7,25.4,9,10,0.26
dhaka,5/17/2024,98.2,84.2,90.4,113.6,95.2,104.7,77.9,68,0.008,100,8.33,16.6,10.3,213.5,1006.2,36.9,2.9,282.1,24.3,9,60,0.3
dhaka,5/18/2024,87.9,77,83.1,100.3,77,91.7,76.3,80.2,0.362,100,25,19.9,18.3,112.4,1005.4,74.8,2.9,259.7,22.4,9,60,0.33
dhaka,5/19/2024,93.4,80.6,84.7,111.7,86.2,95.3,77.3,79.2,0.836,100,29.17,17.9,13.9,133,1004,82.2,2.5,149.4,12.9,6,60,0.36
dhaka,5/20/2024,89.1,77,82.3,102.8,77,88.2,75.4,80,0.122,100,25,17.4,15,102.7,1005.1,65.5,2.6,214.2,18.5,8,60,0.39
dhaka,5/21/2024,95.6,78.8,86.5,104.5,78.8,93.7,74.6,69.3,0,0,0,13.2,6.9,138.9,1005,47.3,2.7,279.1,24.1,8,30,0.42
dhaka,5/22/2024,93.2,78.8,87,110.4,78.8,99.5,77.9,74.8,0.363,100,33.33,14.8,9.2,128.5,1005,59.7,2.6,248.9,21.3,8,30,0.46
dhaka,5/23/2024,98.6,83.7,88.8,112.2,92.1,100.8,76.8,69.1,0.004,100,4.17,10.3,9.2,127.5,1003.1,51.4,2.8,295.4,25.6,9,30,0.5
dhaka,5/24/2024,100.4,82.4,91.4,114.5,90.8,103,75.8,62.2,0.008,100,8.33,15.9,6.9,135.2,1001.3,29.5,2.8,294.6,25.6,9,10,0.52
dhaka,5/25/2024,99.3,82.4,91,116.1,89.5,105.6,77.9,66.7,0.048,100,20.83,18.8,11.4,138.8,999.4,39.9,3.4,276.1,23.8,9,30,0.56
dhaka,5/26/2024,92.2,81.4,85.8,108.7,89.5,97.1,77.4,76.7,0.355,100,58.33,40.5,17.2,94.4,998.4,91.9,2.6,167,14.3,7,10,0.6
dhaka,5/27/2024,82.4,78.8,80.1,90.9,78.8,84.6,77.6,92.2,7.783,100,100,73.6,31.1,117.2,989.1,97.9,1.8,13.5,1.2,1,10,0.63
dhaka,5/28/2024,93,77,83.4,105.5,77,91.5,77.6,83.8,3.386,100,62.5,50.3,18.3,230.1,994.6,88.8,2.3,122.9,10.5,6,75,0.67
dhaka,5/29/2024,92.4,84.2,88.1,118.3,98.3,108,82,82.5,0.072,100,62.5,32.2,17.2,176.4,998.9,87.3,2.7,196.3,16.9,7,75,0.7
dhaka,5/30/2024,93.6,86,88.6,117.1,101.9,107.5,81.3,79.8,0.048,100,33.33,28,15,176.2,1001.8,85.7,2.9,224.1,19.2,8,75,0.75
dhaka,5/31/2024,89.6,82.4,86.5,108.1,90.9,99.9,78.5,77.4,0.02,100,16.67,28.4,10.3,183,1003.1,80,2.9,208.1,18.1,7,60,0.77
dhaka,6/1/2024,95,82.4,88.6,116.1,90.9,104.7,79.6,75.6,0.084,100,45.83,22.1,13.9,188.6,1004.2,55.4,2.8,237.3,20.5,7,60,0.81
dhaka,6/2/2024,96.8,84.2,88.8,117.1,95.2,105.9,80.1,76.1,0.198,100,50,23.3,12.8,182.1,1004.9,64.8,2.9,227.5,19.8,8,60,0.85
dhaka,6/3/2024,95.9,82.4,86.8,115.2,89.5,100.6,78.7,77.4,0.506,100,79.17,25.1,13.9,176.4,1004.2,76.9,2.9,192.1,16.7,8,60,0.88
dhaka,6/4/2024,94.4,80.6,85.5,111.6,85.3,97.3,78,78.9,0.123,100,50,23.9,11.4,127.2,1004.6,71.2,2.7,235.1,20.2,8,60,0.92
dhaka,6/5/2024,94.5,80.6,86.4,116.6,86.2,100,78.6,78.1,0.143,100,37.5,15,9.2,113,1004.6,63.1,2.8,254.7,22.1,9,60,0.95
dhaka,6/6/2024,92.1,77,85.1,106.6,77,95.8,77.8,79.7,0.351,100,58.33,17,17.2,62.3,1004.9,70.6,2.7,192.5,16.8,6,75,0
dhaka,6/7/2024,94,78.8,85.3,117.1,78.8,98.5,79.5,83.3,0.301,100,75,19,9.2,118.3,1002.7,83.7,2.4,209.9,18.2,8,60,0.02
dhaka,6/8/2024,94.5,77,86.7,117.1,77,100.1,78.6,77.6,0.024,100,20.83,19.7,12.8,163.1,1001.8,69.7,2.8,217.1,18.9,6,75,0.06
dhaka,6/9/2024,90.9,84.2,86.4,111.5,98.3,103.6,81.3,84.9,0.02,100,20.83,22.1,10.3,129.1,1001.1,83.3,2.9,187.8,16.3,6,75,0.09
dhaka,6/10/2024,86.4,78.8,82.9,102.9,78.8,91.4,77.2,83.4,0.004,100,4.17,22.1,16.1,107.9,1002.1,90.5,2.8,217.1,19.1,7,60,0.12
dhaka,6/11/2024,95.7,82.4,88.4,114.4,90.9,104.2,79.8,76.8,0,0,0,18.6,10.3,154.3,1001.8,70.1,2.8,219,19.1,8,60,0.15
dhaka,6/12/2024,94.8,84.2,88.6,113.6,98.3,105.9,80.4,77.4,0.044,100,29.17,17,15,170.5,1002,78.3,3,204.1,17.7,7,60,0.18
dhaka,6/13/2024,92.4,76.7,84.9,112.6,76.7,97.2,79,83,0.209,100,58.33,25.3,17.2,166.9,1001.5,89.5,2.6,188.1,16.3,7,60,0.22
dhaka,6/14/2024,88.9,78.3,83.4,110.3,78.3,94.4,79.2,87.4,0.104,100,41.67,28.4,12.8,127,1000.5,93.2,2.6,162.1,14,5,75,0.25
dhaka,6/15/2024,91.5,84.2,86.5,113.4,96.1,103.6,81.2,84.6,0.028,100,25,27.5,15,153.8,1000.4,91.1,2.6,180,15.6,7,75,0.28
dhaka,6/16/2024,93.1,82.4,87.4,111.4,90.9,102.8,79.6,78.2,0.119,100,45.83,31.1,13.9,165.1,1001.7,90.2,2.6,206.1,17.8,7,60,0.31
dhaka,6/17/2024,93.4,84.2,88,114,96.1,105.6,80.7,79.2,0.076,100,37.5,30.9,13.9,173,1002,91.3,2.6,216.4,18.7,7,75,0.35
dhaka,6/18/2024,89.1,81.6,85.7,110.8,90.7,101,80.2,83.5,0.342,100,20.83,30.6,16.1,161.6,1000,93.1,2.5,131.4,11.4,6,60,0.38
dhaka,6/19/2024,87.8,77,82.8,105.2,77,91.3,76.8,82.5,0.603,100,58.33,28,16.1,128.7,999.6,87.4,2.5,86.4,7.4,3,60,0.41
dhaka,6/20/2024,86,77,80.8,101.9,77,86.1,76.4,86.7,0.103,100,37.5,24.2,11.4,130.2,1000.5,90,2.5,154.2,13.3,6,60,0.44
dhaka,6/21/2024,92.8,78.8,85,110,78.8,94.7,78.1,80.7,0.311,100,66.67,12.1,8.1,125.2,1001.1,72.1,2.6,133.3,11.6,5,30,0.47
dhaka,6/22/2024,89.8,82.3,84.9,108.1,92.3,98.1,79.6,84.7,0.175,100,66.67,13.9,6.9,174.7,1001.1,73.6,2.7,178.4,15.4,6,30,0.5
dhaka,6/23/2024,94,80.6,87.5,110.4,88.2,101.2,78.8,76.4,0.099,100,50,17.7,9.2,170.6,1001.6,65.5,2.8,228.8,19.9,8,30,0.54
dhaka,6/24/2024,94.4,82.4,87.8,110.9,92.4,102.8,79.3,76.6,0.103,100,45.83,16.6,9.2,193.4,1000.8,64.8,2.7,225.7,19.5,7,30,0.58
dhaka,6/25/2024,97.4,84.2,88,112.9,94.2,101.7,78.4,74.5,0.016,100,16.67,17.4,9.2,182.6,1000.3,70.9,2.8,224.6,19.5,8,30,0.62
dhaka,6/26/2024,89.2,81,85.5,108.6,88.5,100,80,84,0.547,100,87.5,13.4,8.1,166.8,1001.3,78.1,2.6,177.3,15.5,6,30,0.65
dhaka,6/27/2024,91.8,82.4,86.4,107.8,94.2,99.4,78.6,78.4,0.765,100,70.83,21,15,143.2,1003,79.2,2.8,144.3,12.6,7,30,0.69
dhaka,6/28/2024,89.7,80.6,84.4,106.5,88.2,96.9,79.3,84.8,0.662,100,75,26.4,15,141.9,1001.5,88.7,2.7,130.2,11.1,5,30,0.72
dhaka,6/29/2024,89.6,80.6,84.2,111.5,88.2,97.6,80.1,87.8,0.526,100,95.83,29.5,13.9,157.6,1000.3,91.8,2.4,115.9,9.9,6,30,0.75
dhaka,6/30/2024,89.6,80.6,82.9,111.5,88.2,94,79.2,88.9,0.612,100,95.83,25.1,13.9,178.7,1000.2,92.6,2.3,129.9,11.2,6,30,0.79
dhaka,7/1/2024,87.8,78.8,82.4,105.2,78.8,93.5,80.3,93.6,0.681,100,100,22.1,10.3,191.6,999.2,99.2,2.4,50.9,4.3,2,30,0.83
dhaka,7/2/2024,84.2,78.8,81.4,96.1,78.8,90.4,79.6,94.2,1.267,100,100,16.3,8.1,186.4,998.7,97.9,2.4,87.1,7.4,4,30,0.87
dhaka,7/3/2024,86,80.6,82.2,100,87.7,91.4,78.4,88.6,0.386,100,83.33,20.6,11.4,173.9,1000.4,91.9,2.5,100.3,8.6,3,10,0.9
dhaka,7/4/2024,87.8,80.6,82.6,105.2,87.1,93.1,79.2,89.8,0.371,100,66.67,22.6,12.8,159.4,1002.6,92.3,2.5,85.3,7.4,4,30,0.94
dhaka,7/5/2024,86.1,80.6,82.7,101.9,87.1,92.8,78.5,87.1,0.4,100,75,21.5,12.8,161.6,1002.2,90.5,2.4,71.9,6.2,3,30,0.97
dhaka,7/6/2024,91.3,80.6,84.6,108.1,87.1,96.6,78.9,83.4,0.269,100,54.17,21.7,13.9,162.9,1001.8,83.7,2.7,177.1,15.6,5,10,0
dhaka,7/7/2024,92.4,80.6,86.5,109.3,88.2,98.8,78.2,77.4,0.34,100,66.67,18.1,9.2,165.1,1003.2,65.3,2.8,177.7,15.4,7,30,0.04
dhaka,7/8/2024,93,82.4,86.5,108.3,92.4,99.6,78.6,77.9,0.016,100,16.67,18.1,10.3,174.3,1003.8,81.3,2.9,197.9,17,8,30,0.07
dhaka,7/9/2024,91,82.4,85.2,108.1,90.9,98.3,79.2,82.7,0.174,100,45.83,21,15,175.9,1004.6,83.4,3.1,156.2,13.5,7,30,0.11
dhaka,7/10/2024,92.2,82.4,86.7,110.9,92.4,101.2,79.5,79.9,0.241,100,45.83,22.8,15,183.3,1004.8,74.8,2.7,185.8,16.1,7,30,0.14
dhaka,7/11/2024,92.6,80.6,84.8,110.9,88.2,97.9,79.5,84.6,0.218,100,50,24.6,10.3,183.8,1001.9,89,2.6,222.2,19.4,7,30,0.17
dhaka,7/12/2024,86.7,77,82.3,101.6,77,91.3,78.7,89.2,0.412,100,75,20.8,9.2,158.2,1000.2,92.6,2.4,108.9,9.4,4,30,0.2
dhaka,7/13/2024,89.1,80.5,84.4,105.5,87.9,96.8,79.3,84.9,0.128,100,54.17,18.8,8.1,166.4,998.7,88.7,2.6,198.4,17.1,8,10,0.24
dhaka,7/14/2024,91.4,82.4,86.3,107.8,92.4,99.8,79.1,79.7,0.048,100,37.5,18.8,9.2,153.1,998.7,76.6,2.7,237.7,20.5,7,30,0.25
dhaka,7/15/2024,93.3,83.7,87.6,110.4,94.2,101.6,78.7,75.6,0.347,100,37.5,24.8,12.8,137.9,1001,82.3,2.9,201.3,17.5,8,30,0.3
dhaka,7/16/2024,89.7,84.2,86.5,108.1,94,100.4,78.9,78.6,0.084,100,54.17,22.8,10.3,130.8,1002,80.6,2.8,174.6,15.1,6,30,0.33
dhaka,7/17/2024,93.8,82.4,88,112.4,92.4,103.4,79.7,77.3,0.028,100,25,16.3,6.9,161.8,1001.4,61.2,3,217.8,18.8,7,30,0.36
dhaka,7/18/2024,97.6,83.7,90.6,118.6,95.3,106.7,78.9,69.6,0.285,100,41.67,16.1,8.1,113.7,999.5,65,3.1,223.6,19.3,8,30,0.4
dhaka,7/19/2024,93.2,84.2,88.4,111,96.1,103,78.7,73.6,0.044,100,25,25.5,13.9,143.7,998.5,66,2.9,243.5,21,8,30,0.43
dhaka,7/20/2024,91.4,84.1,87.2,107.8,94.2,100.1,78,74.5,0.044,100,33.33,27.7,13.9,131.4,999.8,83.5,3,201.7,17.3,7,10,0.46
dhaka,7/21/2024,91.4,82.4,85.7,108.1,90.9,98.6,78.7,80,0.084,100,58.33,28,13.9,138.7,1000.3,89.1,2.8,182.6,15.7,7,30,0.5
dhaka,7/22/2024,87.8,81.4,84.3,102.4,90.6,96.8,79.3,85.3,0.383,100,83.33,26.8,18.3,142.1,1000.9,88.7,2.8,138.9,12,5,30,0.53
dhaka,7/23/2024,87.8,80.6,84,105.2,88.2,96.6,79.7,87.2,0.262,100,58.33,30.6,17.2,133.7,998.9,90.2,2.7,151.9,13.2,7,10,0.56
dhaka,7/24/2024,92,82.4,85.3,109.8,93.5,99.5,80.2,85.4,0.107,100,33.33,21.3,15,135.2,995.1,86.5,2.6,152.1,13.2,5,30,0.6
dhaka,7/25/2024,93.3,82.4,87,108.8,92.4,101.1,79.3,78.6,0.056,100,50,20.4,13.9,114.5,993.2,73.4,2.8,193.9,16.9,7,30,0.64
dhaka,7/26/2024,95,84.1,87.4,113.6,94.2,101.3,78.7,75.9,0.076,100,33.33,30.4,24.2,124.5,993.2,59.1,2.9,150.2,13.1,6,30,0.67
dhaka,7/27/2024,94.5,84.2,88.2,113.8,96.1,103.1,79,74.9,0.086,100,16.67,28,16.1,132.5,997,74.6,3,183.6,15.9,7,30,0.71
dhaka,7/28/2024,95,84.2,88,110.9,96.1,102.2,78.7,74.6,0.02,100,12.5,24.8,13.9,137.8,998.4,74.8,3.2,231.5,20.1,8,30,0.75
dhaka,7/29/2024,90.8,82.4,86,108.1,92.4,99.4,79,80.1,0.048,100,29.17,28.6,11.4,128.1,998.6,80.9,3,179.1,15.6,6,30,0.78
dhaka,7/30/2024,87.8,82.4,84.4,105.2,90.9,97.8,79.8,86.2,0.235,100,75,20.1,10.3,160.6,1000.6,86.3,2.6,154.4,13.2,5,10,0.81
dhaka,7/31/2024,93.8,81.9,85.6,111.4,92.3,99.7,80,84.1,0.38,100,66.67,17.4,12.8,124,1000.5,79,2.8,137.1,11.8,5,30,0.85
dhaka,8/1/2024,84.2,78.8,80.7,98.3,78.8,86.8,78.5,93,1.807,100,100,39.6,17.2,127.8,998.7,97.6,2.4,55.4,4.7,4,10,0.89
dhaka,8/2/2024,82.4,78.4,79.8,94.2,78.4,82.8,77.9,94.1,1.392,100,100,33.3,13.9,141.2,1001,98.6,2.1,77.4,6.7,5,10,0.92
dhaka,8/3/2024,87.8,78.4,81.8,108.3,78.4,90.8,78.9,91.1,0.644,100,100,23.9,12.8,154,1004,94.6,2.4,63.9,5.5,3,30,0.96
dhaka,8/4/2024,91.4,78.8,84.3,107.1,78.8,94.1,78.1,82.4,0.08,100,50,18.1,11.4,159.9,1005.1,69.8,3.2,124.3,10.7,6,30,0
dhaka,8/5/2024,88.8,80.6,84,103.2,86.2,95.5,78.6,84.3,0.461,100,54.17,18.1,13.9,168.7,1004.3,79.2,3,188.8,16.2,7,30,0.03
dhaka,8/6/2024,89.6,80.6,84.6,108.1,87.1,96.1,78.5,82.5,0.219,100,79.17,19.9,11.4,143.3,1003,81.6,3,132.9,11.6,5,10,0.06
dhaka,8/7/2024,91,80.6,84.6,108.1,88.2,96.6,78.9,83.7,0.381,100,83.33,24.4,15,149.2,1003.2,74.6,2.8,131.4,11.2,6,30,0.09
dhaka,8/8/2024,89.6,80.6,84.2,102.6,88.2,95.1,78.4,83.2,0.355,100,58.33,24.2,13.9,147.4,1005,84.3,2.8,141.2,12.2,5,10,0.12
dhaka,8/9/2024,89.7,79.5,83.8,105.4,79.5,93.9,78.4,84.4,0.348,100,79.17,24.2,12.8,167.8,1005.8,77.2,2.8,128.8,11.2,6,10,0.16
dhaka,8/10/2024,87.9,82,84.1,103.5,91.5,96.2,79,84.9,0.425,100,66.67,21.5,12.8,172.3,1004.6,85.2,2.7,110,9.5,4,30,0.19
dhaka,8/11/2024,88.2,82.4,83.8,104.1,92.4,95.8,79.4,86.9,0.638,100,70.83,19.7,8.1,179.2,1003.6,90.1,2.5,126.6,11,5,30,0.22
dhaka,8/12/2024,87.8,80.5,83.8,108.3,87.9,96.6,80,88.5,0.254,100,70.83,18.6,6.9,164.7,1003.9,82.6,2.5,179.1,15.5,8,30,0.25
dhaka,8/13/2024,91.4,81.9,85.3,110.9,92.9,99.8,80.4,85.8,0.381,100,66.67,15.7,6.9,147.4,1004.4,86.3,2.6,127.9,11.1,6,30,0.29
dhaka,8/14/2024,93.8,82,86.9,112.4,92.4,101.9,79.9,80.5,0.024,100,25,16.8,11.4,134.6,1004.1,69,2.9,204.2,17.6,7,30,0.32
dhaka,8/15/2024,93.2,82.4,87,110.9,92.4,101,79.1,78.2,0.06,100,45.83,20.4,11.4,145.7,1003.1,60,2.9,204.6,17.5,7,30,0.35
dhaka,8/16/2024,89.2,78.8,83.8,102.1,78.8,94.7,78.6,84.8,0.151,100,70.83,21,18.3,115.8,1002.5,83.8,2.7,126.2,10.9,4,30,0.39
dhaka,8/17/2024,88.7,78.8,82.6,102.4,78.8,90.2,76.3,81.7,0.223,100,66.67,21.9,16.1,72,1003,84.9,2.6,124,10.5,6,10,0.42
dhaka,8/18/2024,86,78.3,81.7,101.9,78.3,89,78,88.7,0.187,100,91.67,19.9,13.9,107.2,1003,92.3,2.7,110.6,9.6,4,30,0.45
dhaka,8/19/2024,82.4,78.8,80,92.4,78.8,83.9,77.1,90.9,2.004,100,100,26.4,11.4,87.4,1002.2,96.7,2.5,31.2,2.9,1,10,0.48
dhaka,8/20/2024,89.7,78.8,83.2,105.5,78.8,91.9,78.4,85.9,0.513,100,91.67,22.4,10.3,191.6,1003.3,88.8,2.7,91.5,7.8,3,30,0.5
dhaka,8/21/2024,83,78.8,81.3,95.1,78.8,90.4,79.5,94.4,1.427,100,100,20.6,8.1,147.1,1004.6,97.3,2.1,37.1,3.3,2,30,0.55
dhaka,8/22/2024,81.3,78.8,80.4,89,78.8,87,78.6,94.1,1.242,100,100,19,12.8,131.4,1004.1,100,2.4,59.1,5.2,3,30,0.59
dhaka,8/23/2024,87.8,80.2,82.5,105.2,87.1,92.4,78.7,88.6,0.144,100,70.83,18.6,11.4,136.3,1005.3,90.6,2.7,101.4,8.8,5,10,0.62
dhaka,8/24/2024,90.4,80.6,84.5,105.2,87.1,94.8,77.5,80.1,0.167,100,50,21.9,9.2,135.6,1005.2,67.5,2.8,193.6,16.7,7,30,0.66
dhaka,8/25/2024,86.1,78.8,81.1,97.6,78.8,86.9,77.6,89.3,0.405,100,83.33,21.7,12.8,100.4,1002.8,91.2,2.5,126.3,11.1,4,10,0.69
dhaka,8/26/2024,85.4,78,80.7,98.4,78,85.7,77.3,89.6,0.672,100,83.33,26.8,12.8,128.5,1003.4,94.9,2.5,94.1,8.2,4,10,0.75
dhaka,8/27/2024,88.5,78.8,82.9,102.4,78.8,92,78.1,85.8,0.263,100,75,19.9,9.2,130.9,1005.7,72.6,2.7,164.8,14.3,7,30,0.76
dhaka,8/28/2024,88,80.6,83.9,105.5,88.2,95.1,78.8,85,0.095,100,33.33,13.4,8.1,153.4,1005.1,62.9,2.6,164.9,14.3,7,30,0.8
dhaka,8/29/2024,93.9,80.2,87,109.6,87.1,99.9,78.5,77.1,0.087,100,12.5,14.1,15.3,214.5,1004.2,52.1,2.8,236.1,20.6,7,30,0.83
dhaka,8/30/2024,94,79.5,87,113.6,79.5,99.6,78.5,76.9,0.044,100,25,13.9,11.4,146.9,1004.3,66.2,2.8,239.4,20.7,8,30,0.87
dhaka,8/31/2024,91.8,82.4,86.7,110.9,92.4,99.9,78.4,76.8,0.496,100,41.67,23.5,12.8,151.2,1005,65.6,3.1,219.1,19,8,30,0.9
dhaka,9/1/2024,90,80.6,85.2,106.6,88.2,97.9,79.1,82.3,0.142,100,54.17,16.3,9.2,126.5,1006.4,75.1,2.6,164.4,14.2,8,30,0.94
dhaka,9/2/2024,89.6,81.9,85,108.1,92.8,98.8,79.9,85.2,0.016,100,16.67,12.1,6.9,208.7,1006.3,71.8,2.5,237.2,20.4,8,30,0.97
dhaka,9/3/2024,87.8,75.2,82.5,102.4,75.2,92.4,78.8,89,0.34,100,70.83,13,11.4,134.4,1006.5,89.7,2.5,110.7,9.5,5,30,0
dhaka,9/4/2024,94,80.6,85.9,110.4,88.2,98.9,79.2,81.4,0.146,100,50,13,11.4,212.1,1003.9,74.5,3.4,191,16.5,6,30,0.04
dhaka,9/5/2024,89.8,80.5,84.8,108.5,88,98.7,80.3,86.9,0.281,100,50,13.2,8.1,15.8,1002.6,67.3,2.8,202.2,17.4,6,30,0.07
dhaka,9/6/2024,92.8,80.6,85.7,105.1,86.2,97.4,77.9,78.5,0.19,100,33.33,16.6,9.2,311.8,1003.2,69.6,2.9,195.1,16.7,7,60,0.11
dhaka,9/7/2024,93.2,78.8,86.9,117.1,78.8,102.6,80.5,81.8,0.364,100,58.33,15,6.9,198.5,1002.8,72.7,2.5,186.9,16,6,60,0.14
dhaka,9/8/2024,94.6,82,87.8,110.4,91.6,102.1,78.9,75.8,0.787,100,45.83,15.9,9.2,154.9,1003.3,63.8,2.9,208.7,18.1,9,30,0.17
dhaka,9/9/2024,93,83.2,87.3,107.8,94.8,100.4,78.2,75.4,0.071,100,20.83,22.4,13.9,141.2,1001.9,48.8,2.8,214.5,18.5,8,60,0.21
dhaka,9/10/2024,92.1,78.8,85.4,111.5,78.8,98.5,79.4,82.9,0.024,100,20.83,20.1,12.8,143.8,1002.2,72.9,2.8,211.7,18.2,7,30,0.24
dhaka,9/11/2024,93.2,82.4,87.5,113.6,92.4,104.4,80.6,80.5,0.167,100,33.33,19.2,8.1,148.8,1002.3,59.1,3,209.7,18.2,8,60,0.25
dhaka,9/12/2024,96.2,82.4,89.2,117.1,94.2,105.4,79.8,75.3,0.548,100,37.5,22.1,11.4,349.4,1000.8,80.7,2.8,232.8,20.2,9,60,0.31
dhaka,9/13/2024,92.2,80.5,87,108.1,85.9,98.7,77,72.8,0.15,100,29.17,20.1,18.3,67,998.6,76.7,2.8,155.8,13.4,6,30,0.34
dhaka,9/14/2024,81.4,77,78.8,87.6,77,79.3,76.3,92,2.067,100,100,36.7,19.7,111.1,997.9,97.4,2.3,41,3.4,2,10,0.37
dhaka,9/15/2024,80.6,77,79,88.2,77,80.8,77.4,94.9,2.035,100,100,38.5,18.3,117.3,999.4,98.9,2.1,28,2.6,1,10,0.4
dhaka,9/16/2024,90.3,76.5,82.6,103,76.5,90.3,77.6,85.5,0.13,100,37.5,29.5,15,136.3,1003.1,86.8,2.5,185.7,16.1,7,30,0.44
dhaka,9/17/2024,93.4,78.8,85.8,110.9,78.8,96.6,78.2,79.2,0.02,100,16.67,17.7,9.2,171.4,1005.2,57.6,2.6,234.1,20.2,8,30,0.47
dhaka,9/18/2024,93.4,81.9,87.9,113.6,92.3,103.2,79.6,77.3,0.052,100,33.33,9.8,8.1,293.5,1004,59.3,2.7,227.3,19.5,7,60,0.5
dhaka,9/19/2024,96.8,84.2,90,118.6,98.3,108.9,81,76.3,0.112,100,54.17,13.6,9.2,310.4,1003,52,2.8,221.6,19.2,8,60,0.54
dhaka,9/20/2024,98.1,86,91.4,118.6,104.8,111.8,81.3,73.7,0.008,100,8.33,11.6,9.2,313.7,1002.9,42.3,2.8,228.4,19.5,8,60,0.57
dhaka,9/21/2024,89.6,78.8,84.1,108.3,78.8,94.5,76.9,79.2,0.016,100,16.67,15.9,25.3,286,1004.4,65.2,2.6,191.7,16.7,7,60,0.61
dhaka,9/22/2024,96.2,78.8,87.2,111,78.8,96.8,76.3,71.5,0,0,0,13.6,6.9,30.7,1002.8,37.4,2.8,251.2,21.7,8,60,0.64
dhaka,9/23/2024,96.7,85.2,88.7,121.2,100.9,108.8,81.9,80.7,0,0,0,17.7,8.1,190.4,1003.1,69.4,2.5,168.8,14.6,5,60,0.68
dhaka,9/24/2024,93.8,82.4,86.8,107.8,92.4,100.5,79,78.6,0.245,100,45.83,24.8,11.4,137.5,1004.8,76.5,2.8,184.4,15.9,7,30,0.71
dhaka,9/25/2024,82.5,78.8,80.7,92.6,78.8,87.9,78.5,93.1,1.117,100,95.83,23.7,18.3,134.2,1006.6,90.4,2.4,86.6,7.3,3,10,0.75
dhaka,9/26/2024,80.6,76.6,78.9,87.8,76.6,80.3,76.9,93.6,1.001,100,100,20.1,11.4,125.2,1008.8,92.4,2.2,60.6,5.4,3,10,0.78
dhaka,9/27/2024,86.8,78.3,81.2,100.1,78.3,87.6,78,90.2,0.25,100,58.33,20.8,10.3,142.3,1009.7,84.6,2.4,170.7,14.9,7,30,0.81
dhaka,9/28/2024,92.9,78.8,85,107.8,78.8,95.4,78.5,81.7,0.127,100,41.67,19.9,9.2,190.6,1009.3,56.9,2.8,181,15.6,8,30,0.85
dhaka,9/29/2024,90.4,78.8,85.2,109.7,78.8,99.3,80.3,85.9,0.096,100,54.17,16.8,8.1,240,1008.2,77,2.7,161.1,13.9,6,60,0.88
dhaka,9/30/2024,88.8,82.4,84.7,108.3,94.2,100.7,81.7,90.8,0.502,100,75,16.3,5.8,242.6,1006.9,89.5,2.4,180.1,15.6,6,60,0.91
dhaka,10/1/2024,93.8,78.8,84.2,114.4,78.8,96.1,79.6,86.6,0.804,100,66.67,15.7,8.1,219.9,1004.5,88.3,2.4,131.8,11.4,5,30,0.95
dhaka,10/2/2024,91,78.8,84,108.1,78.8,95.5,79.5,87,0.351,100,58.33,11,8.1,305.1,1003,86,2.2,210.4,18.3,8,30,0.98
dhaka,10/3/2024,82.4,78.8,80.3,92.4,78.8,86.1,78.2,93.5,2.514,100,91.67,18.8,10.3,139.4,1003.1,98.7,2.2,28.4,2.4,2,10,0
dhaka,10/4/2024,87.8,76.9,81,105.2,76.9,88.1,78.2,91.5,1.002,100,91.67,20.4,12.8,167.7,1005,93.2,2.4,63.1,5.4,3,30,0.05
dhaka,10/5/2024,80.6,77,79,88.2,77,81.3,77.2,94.4,1.047,100,79.17,18.6,8.1,153.3,1007.8,95.4,2.2,192.9,16.7,8,30,0.08
dhaka,10/6/2024,89.6,79.5,83.7,105.2,79.5,93.2,78.1,84,0.234,100,54.17,18.8,8.1,155.4,1010.4,84.9,2.5,191.1,16.6,7,30,0.12
dhaka,10/7/2024,91.4,80.5,82.9,110.9,87.1,92.5,78.4,86.8,0.088,100,50,12.1,5.8,120.4,1012.5,84.9,2.6,190.4,16.5,7,30,0.15
dhaka,10/8/2024,91.5,78.8,83,106.4,78.8,91.4,78.1,86.1,0.068,100,37.5,13.9,13.9,342,1012.2,67.5,2.5,179.1,15.6,7,30,0.19
dhaka,10/9/2024,90.4,77.1,81.4,102.4,77.1,87.6,77.6,88.6,0.104,100,41.67,14.1,11.4,115.7,1010.4,77.5,2.5,192.8,16.6,7,30,0.22
dhaka,10/10/2024,89.6,77,82.5,105.2,77,89.5,77,84.1,0.726,100,62.5,15.7,5.8,193.5,1009.2,80.8,2.5,151.4,12.9,7,30,0.25
dhaka,10/11/2024,90.4,77,83.4,103.9,77,91.9,77.2,82.3,0.405,100,87.5,17.2,16.1,235.3,1008.8,70.4,2.4,173.2,14.9,7,30,0.25
dhaka,10/12/2024,89.6,78.7,83.1,105.2,78.7,90,76.8,82,0.182,100,50,15.7,8.1,215.9,1010.2,85.6,2.6,189.9,16.4,7,30,0.32
dhaka,10/13/2024,91.6,78.8,84.5,100.3,78.8,92,75.9,76.8,0,0,0,9.6,5.8,40.9,1010.7,51.2,2.4,242.3,21,8,30,0.36
dhaka,10/14/2024,91,78.8,84,102.8,78.8,90.9,75.4,77.1,0,0,0,11.6,8.1,296.8,1010.4,54.4,2.2,196.2,16.8,7,10,0.39
dhaka,10/15/2024,89.1,78.3,83.2,95.9,78.3,88.5,73.9,74.6,0,0,0,12.8,5.8,323.6,1010,53.5,2.2,179.5,15.5,6,10,0.42
dhaka,10/16/2024,89.6,78.8,83.7,100.3,78.8,90.1,75.5,77.3,0,0,0,10.7,6.9,109.8,1010.3,61.2,2,203.2,17.6,7,10,0.46
dhaka,10/17/2024,86.8,78.8,82.1,97.9,78.8,89,76.5,83.5,0.064,100,20.83,10.5,6.9,82.1,1010.5,82,2,107.5,9.2,4,10,0.5
dhaka,10/18/2024,86.2,77,80.4,99.4,77,85,77.3,90.7,0.901,100,50,15.2,6.9,59.6,1009.9,90.8,2,159,13.7,7,10,0.53
dhaka,10/19/2024,89,77,82.4,97.8,77,87.8,76.1,82.5,0.147,100,54.17,15.4,5.8,288.3,1010.7,78.1,2.3,145.5,12.5,6,30,0.56
dhaka,10/20/2024,89.1,77,82,95.9,77,86.1,74.4,79.1,0,0,0,14.3,8.1,0.1,1011.5,55.2,2.4,196.4,16.9,7,10,0.59
dhaka,10/21/2024,89.8,77,82.6,97.2,77,86.2,72.7,74.1,0,0,0,7.6,5.8,348.9,1010.2,52.6,2.4,237.9,20.4,8,10,0.63
dhaka,10/22/2024,93.3,77.8,85,103.2,77.8,93.2,76.2,76.3,0.004,100,4.17,11.9,6.9,2.8,1009.8,34.1,2.5,214.5,18.6,8,30,0.66
dhaka,10/23/2024,87.8,78.8,82.4,102.4,78.8,90.2,76.8,83.7,0.666,100,50,13.2,12.8,53.8,1009.5,86.6,2.5,44.8,3.8,2,10,0.69
dhaka,10/24/2024,81.8,73.1,77.3,87.7,73.1,78.7,73.3,87.6,0.622,100,100,28.4,13.9,65.3,1009.4,92.6,2.3,52.4,4.6,4,10,0.75
dhaka,10/25/2024,89.2,74.8,81.2,100.3,74.8,86.5,74.6,80.9,0.1,100,41.67,25.3,10.3,97.3,1008.5,86.8,2.6,161.8,14,7,10,0.76
dhaka,10/26/2024,90.6,78.8,83.5,99.9,78.8,90.8,76.1,79.5,0.044,100,29.17,17,9.2,122.1,1008.8,69.1,2.6,162.2,13.8,6,10,0.79
dhaka,10/27/2024,91.4,78.4,83.9,100.5,78.4,90.6,75.6,77.4,0,0,0,8.5,6.9,278.3,1008.3,37.1,2.4,203.8,17.6,7,10,0.82
dhaka,10/28/2024,91.8,78.4,84.5,98.7,78.4,90.4,73.7,71.4,0,0,0,10.5,8.1,331.4,1007.4,40.1,2.5,225.7,19.6,8,10,0.86
dhaka,10/29/2024,92.6,76.5,83.9,99.4,76.5,89.5,74.2,74,0.016,100,12.5,9.6,6.9,278,1008.3,42.6,2.5,181.3,15.7,7,10,0.89
dhaka,10/30/2024,91,79,84.8,100.3,79,93.3,75.9,75.6,0.024,100,25,11.6,5.8,273.2,1009.6,45.9,2.1,172.5,14.9,6,10,0.92
dhaka,10/31/2024,90.9,80.6,84.6,102.6,87.1,94,76.6,77.7,0.02,100,8.33,12.8,5.8,250.4,1010.3,43.4,2.5,173.3,14.9,7,10,0.96
dhaka,11/1/2024,91,78.9,83.9,98.9,78.9,90.3,74.5,74.7,0.032,100,29.17,13.9,9.2,353.4,1011.3,50.7,2.4,182.6,15.8,7,10,0
dhaka,11/2/2024,89.8,75.9,82.8,96.4,75.9,87.1,73.1,73.8,0,0,0,11.6,9.2,343.4,1012.1,38.3,2.4,193.8,16.9,7,10,0.02
dhaka,11/3/2024,89,76.6,82,93.9,76.6,85.5,72.9,75,0,0,0,11.9,5.8,34,1012,40.8,2.2,202.6,17.5,8,10,0.06
dhaka,11/4/2024,89.8,74.8,82.3,92.7,74.8,85.2,71.2,71.3,0,0,0,10.1,5.8,48.3,1012,18.4,2.4,201,17.4,7,10,0.09
dhaka,11/5/2024,90.4,75.2,81.9,93.6,75.2,84,69.9,68.8,0.144,100,50,10.1,13.9,39.2,1012.6,47.4,2.5,154.8,13.4,6,10,0.13
dhaka,11/6/2024,86.2,70.6,77.5,88.4,70.6,78.3,67.5,73.1,0.028,100,16.67,11.9,16.1,111.2,1013.3,68,2.6,177.7,15.4,7,60,0.16
dhaka,11/7/2024,87.4,72.3,79.7,90.4,72.3,81.5,69.1,71.4,0.012,100,12.5,13,5.8,68.9,1012.8,26.8,2.6,180.7,15.5,7,30,0.2
dhaka,11/8/2024,88.6,74,80.4,91,74,81.4,67.2,65.9,0,0,0,16.6,8.1,55.7,1012.7,5.2,2.6,200.5,17.2,7,10,0.23
dhaka,11/9/2024,88.4,73,79.8,89.8,73,80.4,65.8,64.3,0,0,0,14.1,9.2,28.2,1012.6,0,2.7,200.6,17.1,7,10,0.25
dhaka,11/10/2024,87.8,71.7,80,90.4,71.7,81,66.9,65.8,0,0,0,11.6,4.7,56.6,1013,11.1,2.6,200.6,17.3,7,10,0.3
dhaka,11/11/2024,89.6,71.8,81,91.2,71.8,82,66.6,63.7,0,0,0,10.5,8.1,4.4,1012.5,21.6,2.7,179.9,15.6,7,10,0.34
dhaka,11/12/2024,89.4,74.2,81.2,88.4,74.2,81.7,64.1,57.7,0,0,0,12.8,5.8,335.9,1011.8,31.1,2.6,183.9,15.9,7,10,0.37
dhaka,11/13/2024,87.8,72.4,79.4,88.4,72.4,80.1,66,65.1,0,0,0,14.5,9.2,325.4,1011.2,14.4,2.7,197.9,16.9,7,10,0.41
dhaka,11/14/2024,87.8,73,79.2,88.5,73,79.9,67.1,68.5,0,0,0,16.3,9.2,319.5,1012.1,22.6,2.4,196.6,17,7,10,0.44
dhaka,11/15/2024,86.8,71.6,78.1,87,71.6,78.7,66.5,69.7,0,0,0,14.8,8.1,305.6,1011.8,13.7,2.2,189.8,16.3,7,10,0.48
dhaka,11/16/2024,85.8,71.2,77.1,84.7,71.2,77.1,63.1,64.2,0,0,0,13.9,8.1,313.4,1011.2,7.7,1.9,192.3,16.7,7,10,0.5
dhaka,11/17/2024,85.4,66.2,75.8,82.8,66.2,75.3,56.3,54.6,0,0,0,7.6,4.7,283.2,1011.5,10,2.1,215.1,18.5,8,10,0.54
dhaka,11/18/2024,84.1,66.1,74.8,83.8,66.1,74.8,59.9,62.2,0,0,0,11.2,5.8,34.4,1012.5,12.3,2.2,192.1,16.5,7,10,0.58
dhaka,11/19/2024,84.1,66.1,75.4,83.4,66.1,75.2,61.2,64.7,0,0,0,12.5,5.8,21.1,1013,1,2.1,196.6,16.9,7,10,0.61
dhaka,11/20/2024,84.1,66.1,74.9,82.2,66.1,74.6,59.7,63.3,0,0,0,11.2,4.7,266,1012.1,2.9,2.3,185.4,16.1,7,10,0.64
dhaka,11/21/2024,84.1,66.1,74.5,82.4,66.1,74.2,59.4,62.8,0,0,0,11,4.7,234.4,1012,8.4,2.4,189.1,16.4,7,10,0.67
dhaka,11/22/2024,83.7,66.2,74.8,82.2,66.2,74.5,59,61.2,0,0,0,8.9,4.7,257.4,1012.3,33.4,2.5,205.8,17.7,8,10,0.71
dhaka,11/23/2024,83.6,68,75.4,83.5,68,75.5,62.5,65.9,0,0,0,13.6,8.1,313.3,1013.2,33.3,2.1,159.8,13.9,6,10,0.75
dhaka,11/24/2024,83.1,68,74.3,81.9,68,74.2,60.7,64.8,0,0,0,12.3,34.4,296.9,1013.7,25.1,2,139,12.1,6,10,0.77
dhaka,11/25/2024,81.9,66.2,73.2,81,66.2,73.2,58.8,62.1,0,0,0,11.4,6.9,322.6,1013.4,39.1,1.9,175.8,15.1,7,10,0.8
dhaka,11/26/2024,81.6,66.2,72.9,81.5,66.2,72.9,59.6,64.8,0,0,0,11.2,6.9,295.2,1012.7,20.2,2.1,162.5,14,7,10,0.84
dhaka,11/27/2024,83,64.4,73.6,82.1,64.4,73.5,60,65.6,0,0,0,11.4,6.9,50.1,1012.3,24.5,2.3,183.3,16,7,10,0.87
dhaka,11/28/2024,85.5,66,74.5,83.7,66,74.4,59.2,61.4,0,0,0,13.6,6.9,11.4,1013,23.5,2.5,185.3,16.1,7,10,0.9
dhaka,11/29/2024,86.4,68.9,76.9,85.7,68.9,76.7,59.9,57.4,0.004,100,4.17,9.8,5.8,346.7,1013.2,31,2.7,143.8,12.3,6,10,0.93
dhaka,11/30/2024,86.1,68,75.5,86.2,68,75.8,63,66.2,0.008,100,4.17,11.4,8.6,298.5,1012.2,58,2.5,99.2,8.5,4,10,0.97
dhaka,12/1/2024,84.1,67.9,75,83.9,67.9,74.8,59.6,61.5,0,0,0,8.9,5.8,285.1,1010.5,40.6,2.9,140.5,12,6,10,0
dhaka,12/2/2024,83.6,66.2,74.2,82.2,66.2,74.1,58.4,60.1,0,0,0,11.6,6.3,302.9,1011.3,33.1,2.6,153.8,13.2,7,10,0.03
dhaka,12/3/2024,83.7,66.3,74.2,82.9,66.3,74.1,59,61,0,0,0,12.8,7.5,302.8,1012.2,6.6,2.6,172.1,14.9,7,10,0.07
dhaka,12/4/2024,82.8,64.4,72.5,81.3,64.4,72.4,57.9,62.5,0,0,0,13.2,5.9,303.5,1012.3,0,2,184,15.8,7,10,0.11
dhaka,12/5/2024,82.5,66.1,72.7,81.2,66.1,72.6,58.4,63.6,0,0,0,12.8,5.2,281.4,1012.2,0.3,1.7,183.5,15.7,7,10,0.14
dhaka,12/6/2024,80.2,62.6,70.4,79.6,62.6,70.4,52.3,56.2,0,0,0,14.5,9.2,305.3,1011.8,0.3,2.3,182.7,15.7,7,10,0.18
dhaka,12/7/2024,80.2,59.7,69.5,79,59.7,69.4,48.3,50.5,0,0,0,12.8,8.1,298.5,1012.6,12,2.5,186.8,16.1,7,10,0.21
dhaka,12/8/2024,79.7,59,68.9,79.7,59,68.9,51.5,57,0,0,0,11,7,308.6,1012.8,5.4,2.2,186.3,16.1,7,10,0.25
dhaka,12/9/2024,77.8,59.9,68.5,77.8,59.9,68.5,59.5,75.7,0,0,0,11.4,8.1,327.2,1012.5,56.1,1.4,162.6,14.1,7,10,0.28
dhaka,12/10/2024,77.7,62.6,69,77.7,62.6,69,59.8,74.5,0,0,0,14.1,7.5,317.3,1013.1,31.5,1.6,176.2,15.3,7,10,0.32
dhaka,12/11/2024,76,59,66.3,76,59,66.3,55.2,71.2,0,0,0,17,10.8,312.5,1014.4,11.6,1.6,182.2,15.7,7,10,0.35
dhaka,12/12/2024,69.3,59,62.2,69.3,59,62.2,58.3,87.5,0,0,0,17.2,7.5,312.1,1013,51.7,1.1,172.3,15,7,10,0.39
dhaka,12/13/2024,76.6,59,65.4,76.6,59,65.4,59.2,82.1,0,0,0,15.7,7,332.3,1013.5,37.4,1.3,179.6,15.4,7,10,0.42
dhaka,12/14/2024,76,60.8,65.8,76,60.8,65.8,56.5,73.6,0,0,0,13.4,8,357.3,1015.3,10.3,1.5,183.4,15.9,7,10,0.46
dhaka,12/15/2024,78.9,59,66.9,78.9,59,66.9,55.1,69.3,0,0,0,13,5.8,353.5,1015.6,0.2,1.9,185.9,15.9,7,10,0.5
dhaka,12/16/2024,80.7,56.3,67.7,79.6,56.3,67.6,53.3,64.5,0,0,0,10.3,4.1,49.5,1014.5,8.1,1.9,187.5,16.1,7,10,0.53
dhaka,12/17/2024,84.2,57.2,69.6,82,57.2,69.4,53.3,60.4,0,0,0,9.8,4.6,264,1013.8,26.4,1.9,172.7,14.8,7,10,0.56
dhaka,12/18/2024,80.5,61.7,69.4,79.7,61.7,69.4,56,65.1,0,0,0,11.4,5.8,283.2,1013.1,36.3,4.3,171.5,14.7,7,10,0.59
dhaka,12/19/2024,78.9,59.1,68.6,78.9,59.1,68.6,56.8,68.6,0,0,0,10.5,4.7,308.6,1013.9,33.4,1.8,177.4,15.2,7,10,0.62
dhaka,12/20/2024,78.8,60.8,68.6,78.8,60.8,68.6,56.2,68.2,0,0,0,10.3,5.8,314.4,1012.9,54,1.8,174.7,15,7,10,0.66
dhaka,12/21/2024,76.6,60.9,68.1,76.6,60.9,68.1,59.3,74.1,0.02,100,16.67,11.9,5.8,249.9,1013.7,79.6,1.4,112.5,9.6,5,10,0.69
dhaka,12/22/2024,77.8,59.1,67.6,77.8,59.1,67.6,58.6,75.6,0,0,0,15.9,8.1,11.8,1014.8,27,1.5,173.5,15,7,10,0.72
dhaka,12/23/2024,79.6,59.1,68.7,79.6,59.1,68.7,56.3,68.1,0,0,0,11.2,5.8,323.4,1014,13.8,2.3,182.9,15.8,7,10,0.75
dhaka,12/24/2024,78.8,59.9,68.8,78.8,59.9,68.8,55.3,65.3,0,0,0,10.5,6.3,317,1014,6.8,2,181.4,15.7,7,10,0.79
dhaka,12/25/2024,78.9,62.7,70.1,78.9,62.7,70.1,54.1,58.8,0,0,0,10.7,5.8,305.4,1016.1,40.7,2.2,145.7,12.5,6,10,0.82
dhaka,12/26/2024,82.5,62.7,71.4,81,62.7,71.2,54.8,58.3,0,0,0,13.2,9.2,316.9,1017.8,13,2.3,174.9,15,7,10,0.85
dhaka,12/27/2024,81,60.8,70.5,80,60.8,70.4,54.5,59.5,0,0,0,13.4,9.2,319.1,1017.3,2.1,2.5,185.2,15.9,7,10,0.88
dhaka,12/28/2024,80.8,60.8,70.1,80.5,60.8,70.1,57,66,0,0,0,10.3,4.7,319.7,1016,19,2.1,183.7,15.9,7,10,0.91
dhaka,12/29/2024,80.7,60.8,70.2,80.1,60.8,70.2,56.7,65.4,0,0,0,13.2,6.9,294.6,1015.2,2.6,1.9,174.9,15.2,7,10,0.95
dhaka,12/30/2024,81.9,63.5,71.2,80.7,63.5,71.1,56,61.4,0,0,0,12.3,9.8,314.1,1016.1,6.5,2,179.1,15.6,7,10,0.98
dhaka,12/31/2024,73.4,60.8,65.6,73.4,60.8,65.6,58,77.9,0,0,0,15.2,8.1,305.2,1016.4,24.6,1.5,170.8,14.9,7,10,0
dhaka,1/1/2025,66.5,59,61.9,66.5,59,61.9,58.5,88.8,0,0,0,15,9.2,321.7,1014.5,67.5,1.1,166.5,14.4,7,10,0.05
dhaka,1/2/2025,60.4,57.2,58.5,60.4,57.2,58.5,56.2,92.2,0,0,0,15,9.2,318.9,1015.2,76.2,0.9,157.9,13.7,7,10,0.08
dhaka,1/3/2025,62.9,57.2,59.8,62.9,57.2,59.8,56.8,90.3,0,0,0,12.5,6.9,338.7,1015.4,76.6,1,166.8,14.2,7,10,0.12
dhaka,1/4/2025,72.6,55.4,64.4,72.6,55.4,64.4,58.9,82.8,0,0,0,10.5,5.8,59.4,1013.8,42.5,1.4,147.4,12.8,7,10,0.15
dhaka,1/5/2025,82.4,59,69.1,81.8,59,69.1,60,75.8,0,0,0,10.3,8.1,122.9,1014.3,55.8,3.2,155.4,13.4,7,10,0.19
dhaka,1/6/2025,84.2,60.8,71.8,83,60.8,71.7,60.8,71.7,0,0,0,10.1,6.9,263.3,1013.2,45.7,1.8,167.9,14.3,7,10,0.23
dhaka,1/7/2025,78.9,62.6,70.4,78.9,62.6,70.4,57.8,66.7,0,0,0,15.4,9.2,239.3,1012.2,20.5,1.9,169.4,14.7,7,10,0.25
dhaka,1/8/2025,69.8,60.8,64.3,69.8,60.8,64.3,57.4,78.8,0,0,0,15.7,10.3,316.9,1014.1,51.9,1.4,167.1,14.4,6,10,0.3
dhaka,1/9/2025,72.9,57.2,64,72.9,57.2,64,53.4,69.6,0,0,0,15,9.2,321.6,1016.6,20.8,2,188.6,16.2,7,10,0.33
dhaka,1/10/2025,77,55.4,65.7,77,55.4,65.7,52.2,64.2,0,0,0,11.2,5.8,308.1,1017.9,4.2,1.9,192.5,16.7,7,10,0.37
dhaka,1/11/2025,80.2,55.4,67.2,79,55.4,67.1,52.5,64,0,0,0,11.9,5.8,353.3,1017.5,22,1.8,192.3,16.6,7,10,0.4
dhaka,1/12/2025,82.5,58.5,69.8,81.3,58.5,69.6,54.2,61.3,0,0,0,10.7,5.8,202,1016.5,16.7,2.1,190.4,16.4,7,10,0.44
dhaka,1/13/2025,79.5,59,69.8,79.5,59,69.8,55.4,63.2,0,0,0,13.9,6.9,266.3,1014.3,4.6,1.8,186.2,15.9,7,10,0.48
dhaka,1/14/2025,79.8,60.8,70,79.8,60.8,70,56.1,63.8,0,0,0,14.5,8.1,320.8,1016.8,19.9,1.9,188.9,16.2,7,10,0.5
dhaka,1/15/2025,79.8,60.8,69.2,79.8,60.8,69.2,56.4,66.8,0,0,0,15.7,8.1,314.2,1017.2,31.7,1.7,191.5,16.5,7,10,0.54
dhaka,1/16/2025,81.8,59,69.4,80.9,59,69.3,56.3,66.9,0,0,0,10.3,6.9,310.7,1016.6,25.3,1.8,195.7,17,7,10,0.57
dhaka,1/17/2025,81.4,60.8,70.6,80.5,60.8,70.5,56.1,63.2,0,0,0,12.8,9.2,306,1015.5,8.4,1.9,190.7,16.4,7,10,0.61
dhaka,1/18/2025,80.1,60.8,69.8,79.5,60.8,69.8,56.7,66.3,0,0,0,13.4,8.1,305.2,1015,9,1.9,190.8,16.5,7,10,0.64
dhaka,1/19/2025,77.8,60.8,68.3,77.8,60.8,68.3,52,58.2,0,0,0,16.3,8.1,303.6,1013.6,0,2.2,200.9,17.4,7,10,0.67
dhaka,1/20/2025,76.6,59,66.9,76.6,59,66.9,54.2,65.5,0,0,0,14.3,5.8,278.4,1012.1,4.9,1.8,198.4,17.2,7,10,0.7
dhaka,1/21/2025,75.4,57.2,66.5,75.4,57.2,66.5,56.2,71.6,0,0,0,14.3,9.2,279.4,1011.4,27.1,1.5,194,16.9,7,10,0.73
dhaka,1/22/2025,76.3,59,66.7,76.3,59,66.7,61.3,83.4,0,0,0,14.3,6.9,293.2,1012.3,34.5,0.9,194.1,16.8,7,10,0.75
dhaka,1/23/2025,71.7,57.2,63.7,71.7,57.2,63.7,57,79.8,0,0,0,16.6,6.9,293.9,1013.2,30.7,1,200.8,17.3,7,10,0.8
dhaka,1/24/2025,73.4,57.2,63.6,73.4,57.2,63.6,57.6,81.9,0,0,0,16.8,4.7,358.8,1012.9,21.4,1,183.8,15.8,7,10,0.83
dhaka,1/25/2025,77.2,60.8,67.7,77.2,60.8,67.7,54.7,65.6,0,0,0,10.1,8.1,318.5,1013.6,22.3,1.4,123.6,10.8,5,10,0.86
dhaka,1/26/2025,76,57.2,66.8,76,57.2,66.8,54.1,65.8,0,0,0,13.9,8.1,314.9,1012.9,16.9,1.8,207.7,18,8,10,0.89
dhaka,1/27/2025,76,59,67.1,76,59,67.1,56.4,70.4,0,0,0,12.3,6.9,296.4,1010.9,16.9,1.5,188.3,16.2,7,10,0.93
dhaka,1/28/2025,79.6,59,68,79.6,59,68,52,60.4,0,0,0,9.8,6.9,281.5,1012.6,16.7,1.7,183.3,15.9,7,10,0.96
dhaka,1/29/2025,80.2,59,68.4,79,59,68.4,50.2,57.2,0,0,0,13.4,5.8,231.7,1014.8,2.9,1.7,210.4,18.2,8,10,0
dhaka,1/30/2025,79,60.8,70.4,79,60.8,70.4,60.3,71,0.084,100,50,18.1,11.4,187.8,1011.1,35.5,1.7,145.7,12.5,6,10,0.03
dhaka,1/31/2025,81.2,69.8,74,83.9,69.8,74.4,67.9,82.1,0.068,100,45.83,19.9,9.2,193.7,1010.9,56.7,1.6,117.5,10,5,10,0.06
dhaka,2/1/2025,80.7,66.2,73.4,82.9,66.2,73.7,66.8,80.9,0.036,100,25,12.8,6.9,254.8,1011.9,48.6,1.4,158.1,13.5,7,10,0.1
dhaka,2/2/2025,82.6,66.2,73.7,84.6,66.2,74,65,76.1,0,0,0,14.8,6.9,250.4,1011.7,33.2,1.3,185.1,16.1,7,10,0.13
dhaka,2/3/2025,83.1,65.8,72.4,81.5,65.8,72.3,59,67.7,0,0,0,13.2,9.2,314.7,1012.5,31.2,1.5,205.6,17.8,8,10,0.17
dhaka,2/4/2025,80.1,60.8,70.6,80,60.8,70.6,55.2,60,0,0,0,13.6,6.9,301.5,1012.1,5.3,2,214.4,18.5,8,10,0.2
dhaka,2/5/2025,82.6,64.4,72.4,81.5,64.4,72.3,59.4,66.4,0,0,0,14.3,5.8,260.5,1010.6,23.2,1.7,209.5,18,8,10,0.25
dhaka,2/6/2025,85,64.4,73.8,83.4,64.4,73.6,58.2,61.5,0,0,0,14.5,8.1,299,1011.3,13.5,1.9,212.5,18.3,8,10,0.27
dhaka,2/7/2025,79.8,59,70.2,79.8,59,70.2,46.5,45.1,0,0,0,14.5,8.1,305.9,1013.4,0,2.5,229.2,19.7,8,10,0.31
dhaka,2/8/2025,80,60.8,69.2,78.8,60.8,69.2,44.5,44.4,0,0,0,14.1,9.2,298.2,1013.7,6.7,2.5,229.4,19.7,8,10,0.35
dhaka,2/9/2025,78.9,59,68.9,78.9,59,68.9,47.9,49.7,0,0,0,14.1,8.1,290.2,1012.8,4.6,2.4,226.4,19.5,8,10,0.38
dhaka,2/10/2025,83.1,59,70.2,81.2,59,69.9,52.4,57.5,0,0,0,15,8.1,243.7,1013.2,17.2,2,225.6,19.4,8,10,0.42
dhaka,2/11/2025,84.3,64.4,72.6,84,64.4,72.8,60.7,68.4,0.008,100,8.33,20.8,8.1,235.1,1012.1,28.2,1.7,205.3,17.7,7,10,0.45
dhaka,2/12/2025,83.7,67.9,74.8,85.3,67.9,75.2,66,75.5,0.012,100,4.17,21.3,6.9,207.1,1012,44.6,1.7,189.4,16.3,7,10,0.5
dhaka,2/13/2025,85.6,71.6,77.1,85.6,71.6,77.4,65.5,70,0,0,0,18.3,8.1,238.7,1010.9,28.2,2.2,161,13.8,8,10,0.52
dhaka,2/14/2025,82.4,64.4,72.6,80.3,64.4,72.4,49.7,48.3,0,0,0,15,9.2,312.2,1011.6,4.6,2.6,238.2,20.7,8,10,0.55
dhaka,2/15/2025,83.4,61.5,72.1,80.9,61.5,71.6,46.8,44.7,0,0,0,14.1,8.1,205,1011.6,11.9,2.6,233.8,20.2,8,10,0.59
dhaka,2/16/2025,86.2,62.6,73.8,83.8,62.6,73.2,54.4,55,0,0,0,16.6,6.9,210.8,1011.7,6.1,2.2,230.4,19.7,8,10,0.62
dhaka,2/17/2025,86.4,66.2,75.9,85.1,66.2,75.8,62.6,66.1,0.004,100,4.17,15.9,5.8,225.1,1013.3,27.2,2,218.6,18.6,8,10,0.65
dhaka,2/18/2025,85.6,69.8,76.9,87.4,69.8,77.8,66.7,71.8,0.111,100,29.17,16.6,6.9,255.4,1012.8,26.5,1.8,217.4,18.7,8,10,0.68
dhaka,2/19/2025,87.8,69,77.3,86.3,69,77,60.9,59.9,0.008,100,8.33,12.8,9.2,350,1012.4,29.7,2,196.8,17,7,10,0.72
dhaka,2/20/2025,86.6,68.1,76.8,84.2,68.1,76.4,60.3,60.8,0.008,100,4.17,15.2,5.8,2.2,1013.9,44.9,2,212.5,18.4,8,10,0.75
dhaka,2/21/2025,87.3,69.7,77.4,85.8,69.7,77.3,62.3,62.9,0,0,0,14.8,6.9,273,1013.6,22.2,1.9,220.4,19,8,10,0.78
dhaka,2/22/2025,84.3,68,74.9,85.7,68,75.2,63.6,69.8,0.059,100,4.17,13.9,10.4,99.5,1014.3,48.7,2,214,18.4,8,10,0.81
dhaka,2/23/2025,84.2,68,73.7,85,68,73.8,61.5,67.3,0.012,100,4.17,15,17.2,39.6,1015.3,64.6,2.3,196.5,16.9,7,10,0.85
dhaka,2/24/2025,87.2,66.2,75.2,84.5,66.2,74.7,56.3,56.2,0,0,0,13,6.9,356.3,1016.3,23.1,2.5,229.6,20,8,10,0.88
dhaka,2/25/2025,86,66,76.6,83.7,66,76.1,56,52,0,0,0,13.2,8.1,336.9,1017.2,51,2.5,197,17.2,8,10,0.91
dhaka,2/26/2025,87.4,64.6,75.7,83.8,64.6,74.9,51.4,48,0,0,0,15,85.2,317.8,1017.1,28.4,2.4,252.5,21.8,9,10,0.94
dhaka,2/27/2025,86,66.2,76.2,83.6,66.2,75.7,54.8,50.2,0,0,0,17,8.1,303.2,1014.6,19.3,2.4,246.4,21.4,9,10,0.97
dhaka,2/28/2025,86.8,69.2,77.1,85.9,69.2,77.1,60,57.2,0,0,0,15,4.7,112,1013.4,32.6,2.6,202.3,17.4,8,10,0
dhaka,3/1/2025,90.3,68,79,90.3,68,79.2,64.3,63.8,0,0,0,21.7,9.2,206,1010.9,35,2.1,237.1,20.4,8,10,0.04
dhaka,3/2/2025,90.3,73.4,80.9,88.2,73.4,80.8,63.6,59,0,0,0,23,9.2,250.1,1008,13.5,2.4,236.6,20.4,8,10,0.08
dhaka,3/3/2025,89.6,74.2,80.9,85.8,74.2,79.7,55,46.5,0,0,0,12.8,11.4,317,1009.5,32.1,2.3,178,15.3,6,10,0.11
dhaka,3/4/2025,89.8,69.3,79.6,86.2,69.3,78.4,49.6,37.1,0,0,0,18.8,8.1,278.5,1009.5,11.9,2.7,259.2,22.3,9,10,0.15
