name,date,tempmax,tempmin,temp,feelslikemax,feelslikemin,feelslike,dew,humidity,precip,precipprob,precipcover,windgust,windspeed,winddir,sealevelpressure,cloudcover,visibility,solarradiation,solarenergy,uvindex,severerisk,moonphase,pm25
dhaka,2024-01-01,76.2,60.6,67.1,76.2,60.6,67.1,60.7,80.7,0.0,0,0.0,13.0,8.1,304.2,1015.6,14.3,1.2,157.8,13.6,7,10,0.67,249
dhaka,2024-01-02,71.7,58.9,63.6,71.7,58.9,63.6,57.9,82.2,0.0,0,0.0,11.4,6.9,312.7,1015.9,18.5,1.2,147.6,12.7,6,10,0.7,256
dhaka,2024-01-03,73.4,59.0,63.8,73.4,59.0,63.8,57.9,81.8,0.0,0,0.0,11.6,5.8,353.6,1015.8,39.2,1.3,169.6,14.7,7,10,0.73,225
dhaka,2024-01-04,75.4,57.2,65.1,75.4,57.2,65.1,59.2,82.1,0.0,0,0.0,11.9,4.7,79.3,1015.4,29.4,1.0,167.6,14.6,7,10,0.75,268
dhaka,2024-01-05,71.2,57.2,63.6,71.2,57.2,63.6,59.7,87.6,0.0,0,0.0,14.3,4.7,97.9,1016.2,39.8,0.9,181.6,15.5,7,10,0.8,226
dhaka,2024-01-06,78.6,58.8,67.6,78.6,58.8,67.6,57.9,73.4,0.0,0,0.0,13.0,9.2,313.5,1016.3,19.8,1.6,180.1,15.5,7,10,0.83,261
dhaka,2024-01-07,79.0,60.8,68.7,79.0,60.8,68.7,58.0,69.8,0.0,0,0.0,12.8,6.9,303.1,1017.1,0.0,1.9,175.4,15.1,7,10,0.86,218
dhaka,2024-01-08,77.0,60.8,67.6,77.0,60.8,67.6,59.5,76.4,0.0,0,0.0,15.0,10.3,303.4,1017.4,20.7,1.5,179.1,15.4,7,10,0.9,264
dhaka,2024-01-09,74.1,60.8,66.1,74.1,60.8,66.1,59.5,79.9,0.0,0,0.0,15.0,8.1,298.2,1016.6,22.0,1.3,183.1,15.7,7,10,0.93,265
dhaka,2024-01-10,75.2,57.2,64.9,75.2,57.2,64.9,58.7,81.0,0.0,0,0.0,12.8,6.9,334.7,1015.3,16.9,1.2,180.6,15.7,7,10,0.96,263
dhaka,2024-01-11,70.0,58.6,63.8,70.0,58.6,63.8,57.1,79.4,0.0,0,0.0,15.2,12.8,319.3,1016.7,8.7,1.3,172.4,14.9,7,10,0.0,258
dhaka,2024-01-12,64.4,57.2,60.2,64.4,57.2,60.2,54.3,81.2,0.0,0,0.0,16.3,10.3,303.4,1016.1,65.5,1.3,149.2,12.7,7,10,0.03,231
dhaka,2024-01-13,66.2,57.2,60.6,66.2,57.2,60.6,54.3,79.8,0.0,0,0.0,13.6,8.1,321.4,1015.8,86.3,2.0,179.6,15.5,7,10,0.06,212
dhaka,2024-01-14,64.4,57.2,60.6,64.4,57.2,60.6,56.1,85.5,0.0,0,0.0,9.2,5.8,293.9,1015.3,83.4,1.0,160.5,13.9,7,10,0.1,210
dhaka,2024-01-15,71.6,59.0,63.1,71.6,59.0,63.1,56.4,79.4,0.0,0,0.0,10.5,9.2,295.9,1014.9,64.6,1.4,162.4,13.9,6,10,0.13,221
dhaka,2024-01-16,64.5,57.2,59.9,64.5,57.2,59.9,54.4,82.2,0.0,0,0.0,8.5,5.8,298.6,1015.1,83.5,1.0,119.6,10.4,6,10,0.17,259
dhaka,2024-01-17,63.3,55.4,58.6,63.3,55.4,58.6,54.9,87.5,0.0,0,0.0,11.2,6.9,328.4,1015.5,76.4,0.8,158.8,13.7,6,10,0.2,259
dhaka,2024-01-18,72.5,55.4,62.1,72.5,55.4,62.1,55.7,80.9,0.0,0,0.0,13.4,4.7,34.3,1015.6,68.4,1.2,157.5,13.5,7,10,0.25,254
dhaka,2024-01-19,76.4,59.0,67.0,76.4,59.0,67.0,57.7,73.3,0.0,0,0.0,12.1,6.9,320.0,1016.3,41.7,1.7,169.4,14.7,7,10,0.27,262
dhaka,2024-01-20,73.4,57.2,63.8,73.4,57.2,63.8,56.8,78.8,0.0,0,0.0,13.0,9.2,298.8,1016.2,36.0,1.1,191.0,16.5,7,10,0.31,280
dhaka,2024-01-21,72.3,57.2,62.7,72.3,57.2,62.7,55.9,79.7,0.0,0,0.0,15.0,8.1,308.3,1016.0,28.1,1.1,185.7,16.2,7,10,0.34,293
dhaka,2024-01-22,62.6,51.8,57.3,62.6,51.8,57.3,52.4,84.1,0.0,0,0.0,11.6,8.1,305.4,1018.4,52.6,1.0,189.9,16.4,7,10,0.38,285
dhaka,2024-01-23,71.8,51.9,60.5,71.8,51.9,60.5,54.3,81.1,0.0,0,0.0,10.3,6.9,285.6,1016.8,47.2,1.1,190.1,16.4,7,10,0.41,321
dhaka,2024-01-24,73.0,53.6,62.4,73.0,53.6,62.4,56.1,80.8,0.056,100,41.67,13.0,5.8,59.3,1017.0,59.6,1.0,109.9,9.6,6,10,0.45,264
dhaka,2024-01-25,73.4,57.2,65.1,73.4,57.2,65.1,58.3,79.4,0.008,100,8.33,8.9,8.1,41.9,1018.8,77.0,1.0,160.2,13.9,6,10,0.5,347
dhaka,2024-01-26,75.2,59.0,65.6,75.2,59.0,65.6,55.7,71.5,0.0,0,0.0,14.1,9.2,315.0,1019.2,41.3,1.5,181.8,15.9,7,10,0.52,274
dhaka,2024-01-27,74.2,55.4,63.4,74.2,55.4,63.4,50.5,65.1,0.0,0,0.0,13.2,9.2,286.1,1018.9,13.5,2.0,202.8,17.6,8,10,0.55,248
dhaka,2024-01-28,77.6,55.5,65.0,77.6,55.5,65.0,50.8,62.2,0.0,0,0.0,13.0,9.2,300.6,1018.6,26.7,2.1,211.1,18.3,8,10,0.58,219
dhaka,2024-01-29,77.0,54.8,64.7,77.0,54.8,64.7,49.1,58.7,0.0,0,0.0,11.4,9.2,279.8,1017.4,22.9,2.2,209.4,18.1,8,10,0.62,238
dhaka,2024-01-30,77.8,55.4,66.6,77.8,55.4,66.6,55.3,68.6,0.0,0,0.0,8.7,4.7,92.6,1016.5,46.4,1.5,199.5,17.4,8,10,0.65,347
dhaka,2024-01-31,79.2,62.6,69.4,79.2,62.6,69.4,58.5,69.1,0.0,0,0.0,13.9,8.1,213.8,1016.1,63.2,1.7,155.6,13.4,6,10,0.68,272
dhaka,2024-02-01,77.6,64.4,70.3,77.6,64.4,70.3,61.1,73.6,0.024,100,12.5,13.0,6.9,171.4,1016.3,73.2,1.5,151.3,13.1,7,10,0.71,260
dhaka,2024-02-02,79.6,64.4,70.7,79.6,64.4,70.7,62.6,76.5,0.096,100,62.5,22.6,8.1,254.3,1014.9,49.1,1.7,155.6,13.4,6,10,0.75,192
dhaka,2024-02-03,80.1,62.6,70.0,79.1,62.6,69.9,55.8,64.0,0.0,0,0.0,20.4,13.9,245.0,1015.7,29.2,2.0,216.7,18.6,8,10,0.75,216
dhaka,2024-02-04,81.0,59.2,69.2,81.1,59.2,69.1,54.0,60.4,0.0,0,0.0,15.2,11.4,276.6,1017.0,17.0,2.1,215.1,18.5,8,10,0.81,276
dhaka,2024-02-05,81.4,60.8,69.8,80.5,60.8,69.7,54.2,59.9,0.0,0,0.0,15.9,6.9,278.0,1016.8,22.1,2.2,208.2,17.9,8,10,0.85,262
dhaka,2024-02-06,76.5,64.4,70.5,76.5,64.4,70.5,59.1,67.6,0.008,100,4.17,15.7,5.8,291.5,1016.3,43.6,2.1,144.3,12.4,6,10,0.88,213
dhaka,2024-02-07,77.7,64.4,70.1,77.7,64.4,70.1,55.1,61.2,0.0,0,0.0,17.2,10.3,299.0,1016.2,35.3,2.1,183.9,16.1,8,10,0.91,211
dhaka,2024-02-08,76.6,59.0,67.0,76.6,59.0,67.0,49.9,56.4,0.0,0,0.0,16.1,10.3,310.3,1016.2,22.9,2.3,223.5,19.3,8,10,0.94,191
dhaka,2024-02-09,78.3,57.2,66.9,78.3,57.2,66.9,47.7,52.2,0.0,0,0.0,13.4,10.3,310.7,1018.2,12.5,2.4,227.3,19.6,8,10,0.98,191
dhaka,2024-02-10,80.2,59.0,68.8,79.4,59.0,68.8,53.2,59.9,0.0,0,0.0,14.8,10.3,297.7,1018.0,1.0,2.2,224.6,19.4,8,10,0.0,231
dhaka,2024-02-11,82.0,59.0,70.3,80.8,59.0,70.2,54.3,59.6,0.0,0,0.0,11.9,8.1,294.2,1018.5,10.2,2.1,225.4,19.4,8,10,0.04,237
dhaka,2024-02-12,83.4,63.9,71.8,81.1,63.9,71.5,52.5,54.4,0.0,0,0.0,11.9,8.1,306.0,1018.8,45.1,2.1,224.5,19.3,8,10,0.08,244
dhaka,2024-02-13,84.6,60.8,71.8,81.9,60.8,71.3,50.3,50.7,0.0,0,0.0,11.4,8.1,328.5,1018.0,35.3,2.3,221.2,19.1,8,10,0.11,263
dhaka,2024-02-14,83.1,64.4,72.5,83.4,64.4,72.4,56.6,59.5,0.0,0,0.0,10.3,5.8,56.7,1017.1,43.3,2.1,200.0,17.2,8,10,0.15,297
dhaka,2024-02-15,83.2,68.0,75.1,83.6,68.0,75.2,60.7,62.0,0.0,0,0.0,14.8,8.1,345.4,1017.2,57.6,2.0,212.4,18.4,8,10,0.18,281
dhaka,2024-02-16,84.8,68.0,74.9,83.1,68.0,74.7,60.2,63.1,0.0,0,0.0,16.6,11.4,312.9,1016.5,24.3,2.0,217.3,18.7,8,10,0.25,215
dhaka,2024-02-17,82.0,64.3,72.8,81.0,64.3,72.7,57.5,61.3,0.0,0,0.0,14.1,9.2,290.4,1014.3,19.4,2.0,230.6,19.9,8,10,0.25,216
dhaka,2024-02-18,83.7,62.6,72.3,81.9,62.6,72.0,56.5,61.2,0.0,0,0.0,12.1,6.9,258.4,1014.3,42.0,1.9,226.8,19.6,8,10,0.28,296
dhaka,2024-02-19,84.4,65.0,74.1,83.7,65.0,74.1,58.5,60.0,0.0,0,0.0,11.0,5.8,286.0,1014.0,40.6,2.0,223.1,19.2,8,10,0.32,287
dhaka,2024-02-20,83.4,68.0,75.0,86.6,68.0,75.7,66.3,75.0,0.024,100,25.0,23.5,9.2,183.9,1011.4,47.5,1.7,176.3,15.3,8,10,0.35,213
dhaka,2024-02-21,86.8,71.6,78.3,88.4,71.6,78.6,65.9,67.8,0.024,100,4.17,17.4,9.2,242.6,1009.9,55.7,2.3,188.7,16.2,8,10,0.39,169
dhaka,2024-02-22,82.4,68.0,74.9,86.2,68.0,75.5,68.1,79.9,0.221,100,25.0,26.4,13.9,163.5,1010.4,81.9,2.1,124.0,10.7,5,10,0.42,161
dhaka,2024-02-23,82.5,68.0,72.5,81.8,68.0,72.5,62.0,71.8,0.48,100,33.33,20.1,8.1,13.2,1013.3,71.8,2.4,134.2,11.5,6,10,0.46,161
dhaka,2024-02-24,82.6,66.2,74.3,82.6,66.2,74.3,60.9,65.2,0.0,0,0.0,15.4,6.9,44.7,1015.2,42.5,2.5,187.7,16.4,7,10,0.5,172
dhaka,2024-02-25,79.4,66.2,72.0,79.4,66.2,72.0,56.5,59.7,0.0,0,0.0,25.3,13.9,15.4,1016.1,74.6,2.5,197.8,17.1,7,10,0.52,152
dhaka,2024-02-26,83.4,63.9,72.5,81.0,63.9,72.1,51.5,51.8,0.0,0,0.0,14.1,9.2,348.1,1016.2,20.5,2.6,243.9,20.9,9,10,0.56,161
dhaka,2024-02-27,82.8,64.4,73.2,80.8,64.4,73.0,53.3,51.9,0.0,0,0.0,13.9,8.1,308.7,1014.8,46.6,2.4,213.6,18.4,8,10,0.59,187
dhaka,2024-02-28,85.2,64.4,75.2,83.0,64.4,74.7,53.6,50.0,0.0,0,0.0,14.3,5.8,286.1,1012.5,36.8,2.3,245.0,21.1,9,10,0.63,285
dhaka,2024-02-29,85.6,66.9,75.9,83.9,66.9,75.6,57.7,55.7,0.0,0,0.0,15.0,8.1,304.8,1013.5,35.0,2.1,243.9,21.0,9,10,0.66,266
dhaka,2024-03-01,86.2,66.3,76.4,84.2,66.3,75.8,54.6,50.6,0.0,0,0.0,15.9,11.4,317.1,1014.5,3.6,2.6,253.7,21.8,9,10,0.69,186
dhaka,2024-03-02,86.2,64.4,75.7,83.3,64.4,75.0,52.9,48.5,0.0,0,0.0,13.9,13.9,307.6,1013.2,1.1,2.6,256.4,22.1,9,10,0.73,214
dhaka,2024-03-03,87.4,66.2,76.9,85.1,66.2,76.5,57.5,53.5,0.0,0,0.0,14.8,11.4,289.2,1012.7,13.1,2.4,247.6,21.3,9,10,0.75,223
dhaka,2024-03-04,83.8,69.8,75.5,84.1,69.8,75.6,61.5,62.7,0.028,100,4.17,10.5,9.2,280.2,1012.7,68.5,2.6,175.2,15.1,6,10,0.79,180
dhaka,2024-03-05,86.2,69.8,77.7,84.3,69.8,77.3,58.9,55.6,0.0,0,0.0,18.1,11.4,300.9,1012.7,22.3,2.4,256.4,22.3,9,10,0.83,171
dhaka,2024-03-06,83.8,66.2,74.6,81.6,66.2,74.1,51.4,47.8,0.0,0,0.0,15.0,8.1,284.7,1013.1,0.0,2.6,268.3,23.4,9,10,0.86,210
dhaka,2024-03-07,86.0,63.2,74.4,83.1,63.2,73.8,49.7,44.0,0.0,0,0.0,14.8,9.2,334.4,1012.4,12.5,2.5,250.6,21.6,9,10,0.89,185
dhaka,2024-03-08,86.7,62.6,75.1,83.8,62.6,74.4,51.2,45.7,0.0,0,0.0,13.4,10.3,316.4,1012.7,1.2,2.7,267.7,23.2,9,10,0.93,199
dhaka,2024-03-09,85.6,64.5,75.2,82.7,64.5,74.6,50.7,45.1,0.0,0,0.0,15.4,10.3,310.1,1013.3,1.5,2.6,273.1,23.6,9,10,0.96,213
dhaka,2024-03-10,85.0,62.6,75.0,82.3,62.6,74.3,49.5,43.6,0.0,0,0.0,13.2,9.2,306.3,1014.9,2.8,2.6,276.0,23.8,9,10,0.0,224
dhaka,2024-03-11,87.9,64.4,77.0,85.7,64.4,76.3,54.4,48.2,0.0,0,0.0,13.6,6.9,292.8,1014.0,0.0,2.6,272.0,23.6,9,10,0.03,215
dhaka,2024-03-12,91.4,66.2,79.7,93.4,66.2,80.1,60.3,54.5,0.0,0,0.0,18.3,9.2,215.1,1011.9,1.4,2.4,251.3,21.7,9,10,0.06,254
dhaka,2024-03-13,92.8,75.2,82.7,91.2,75.2,82.7,63.1,57.7,0.0,0,0.0,14.8,11.4,211.2,1011.8,44.9,2.5,237.3,20.5,9,10,0.1,167
dhaka,2024-03-14,87.8,75.2,80.2,95.9,75.2,82.6,71.9,76.5,0.075,100,20.83,17.9,10.3,199.0,1011.7,60.4,2.5,191.9,16.4,6,10,0.13,167
dhaka,2024-03-15,92.6,71.2,81.3,94.0,71.2,82.0,66.2,64.2,0.024,100,8.33,13.6,7.5,184.7,1012.1,42.4,2.6,219.0,18.9,9,10,0.16,204
dhaka,2024-03-16,91.6,74.9,82.6,94.3,74.9,83.9,69.0,65.4,0.02,100,12.5,15.4,13.9,236.3,1013.4,40.0,2.4,246.0,21.3,9,30,0.2,182
dhaka,2024-03-17,91.4,71.6,81.1,92.2,71.6,82.0,65.1,60.3,0.0,0,0.0,17.4,23.0,275.2,1013.2,42.9,2.5,258.3,22.4,9,10,0.25,173
dhaka,2024-03-18,90.6,75.2,82.2,92.4,75.2,83.3,66.4,60.4,0.004,100,4.17,12.8,5.8,64.2,1012.0,54.7,2.3,222.3,19.2,9,10,0.26,228
dhaka,2024-03-19,91.4,71.6,80.0,92.0,71.6,80.4,65.7,63.9,0.036,100,20.83,14.5,12.8,25.4,1012.3,70.6,2.4,158.2,13.5,6,10,0.3,209
dhaka,2024-03-20,79.8,71.2,73.9,79.8,71.2,73.9,65.3,74.9,0.339,100,37.5,21.5,11.4,324.9,1013.7,92.3,2.4,117.7,10.3,6,10,0.33,198
dhaka,2024-03-21,78.3,66.5,72.5,78.3,66.5,72.5,64.0,75.7,0.248,100,33.33,19.9,12.8,161.1,1013.8,88.8,2.4,176.0,15.1,7,10,0.36,144
dhaka,2024-03-22,83.7,66.0,74.1,83.8,66.0,74.2,62.6,70.0,0.088,100,41.67,19.2,8.1,214.8,1010.5,47.3,2.3,222.4,19.2,8,10,0.4,184
dhaka,2024-03-23,88.2,68.0,78.2,87.2,68.0,78.4,64.7,66.4,0.012,100,12.5,15.0,10.3,177.3,1009.0,18.5,2.2,237.7,20.7,8,30,0.43,185
dhaka,2024-03-24,87.7,68.8,75.9,94.6,68.8,77.6,68.6,78.8,0.839,100,54.17,24.2,10.3,108.4,1011.2,77.9,2.5,174.4,15.1,8,30,0.47,149
dhaka,2024-03-25,90.4,69.8,79.9,97.5,69.8,83.7,70.8,75.1,0.417,100,45.83,20.1,13.9,158.1,1011.2,63.0,2.4,190.2,16.3,8,60,0.5,169
dhaka,2024-03-26,89.1,71.6,80.5,91.2,71.6,81.7,67.1,65.1,0.056,100,20.83,20.1,10.3,83.2,1012.2,49.2,2.6,239.3,20.5,8,30,0.53,129
dhaka,2024-03-27,90.2,75.1,80.6,98.2,75.1,83.5,70.8,73.0,0.37,100,20.83,21.3,10.3,131.9,1013.2,57.4,2.3,268.3,23.4,9,30,0.57,184
dhaka,2024-03-28,87.7,73.3,79.0,95.7,73.3,81.4,70.2,75.1,0.179,100,41.67,15.2,9.2,122.4,1010.9,67.4,2.4,208.1,17.9,7,30,0.6,174
dhaka,2024-03-29,87.7,73.3,80.1,95.7,73.3,83.6,72.0,77.2,0.012,100,8.33,17.2,8.1,134.0,1009.6,70.6,2.0,213.6,18.5,7,10,0.64,184
dhaka,2024-03-30,91.3,78.7,84.5,104.9,78.7,92.7,76.6,77.9,0.226,100,50.0,22.6,16.1,183.2,1009.8,87.0,2.9,178.2,15.3,7,75,0.67,152
dhaka,2024-03-31,87.7,69.7,81.5,92.6,69.7,85.9,71.9,73.9,0.039,100,8.33,25.1,20.8,174.7,1009.5,61.8,2.4,246.5,21.4,9,75,0.71,125
dhaka,2024-04-01,96.7,76.9,86.2,102.4,76.9,90.3,70.5,63.1,0.0,0,0.0,20.6,16.1,189.5,1005.3,29.7,2.4,286.5,24.8,9,75,0.74,149
dhaka,2024-04-02,94.9,78.8,85.8,100.3,78.8,91.0,72.2,67.3,0.0,0,0.0,18.6,15.0,184.6,1005.7,38.8,2.5,283.7,24.5,9,75,0.75,157
dhaka,2024-04-03,95.7,80.5,87.1,103.2,85.9,95.7,74.8,69.0,0.0,0,0.0,19.0,15.0,201.4,1007.3,35.0,3.2,273.9,23.8,9,75,0.81,154
dhaka,2024-04-04,95.0,80.6,86.4,105.2,86.2,95.7,75.6,71.5,0.004,100,4.17,20.8,16.1,189.0,1007.0,44.6,2.6,277.1,24.0,9,75,0.84,152
dhaka,2024-04-05,91.4,82.4,85.2,107.8,90.9,97.0,78.1,79.8,0.095,100,25.0,18.1,12.8,172.1,1005.9,61.4,2.5,192.3,16.4,7,75,0.88,158
dhaka,2024-04-06,96.8,82.4,87.8,109.8,92.4,98.1,76.1,70.5,0.0,0,0.0,18.8,11.4,180.0,1005.8,61.4,2.5,271.9,23.6,9,75,0.91,159
dhaka,2024-04-07,87.8,80.6,83.4,102.4,83.9,91.1,74.6,75.4,0.0,0,0.0,23.9,11.4,193.2,1007.1,76.5,2.5,206.5,17.8,7,100,0.95,159
dhaka,2024-04-08,84.2,77.0,81.1,87.2,77.0,83.7,69.0,67.3,0.004,100,4.17,15.2,6.9,232.0,1009.8,79.8,2.5,259.8,22.5,9,10,0.98,168
dhaka,2024-04-09,93.2,71.6,82.7,94.2,71.6,83.9,65.2,58.0,0.0,0,0.0,9.2,6.9,258.5,1010.1,50.0,2.4,287.6,24.8,9,10,0.0,190
dhaka,2024-04-10,93.9,75.2,84.3,100.6,75.2,87.7,70.4,64.9,0.0,0,0.0,11.9,6.9,114.9,1010.4,69.9,2.4,243.2,21.0,9,10,0.05,204
dhaka,2024-04-11,95.8,77.0,85.3,98.2,77.0,87.8,68.9,60.5,0.004,100,4.17,12.1,9.2,358.4,1011.4,71.9,2.6,239.0,20.5,9,10,0.08,170
dhaka,2024-04-12,97.4,78.8,87.8,97.4,78.8,89.4,64.9,49.7,0.0,0,0.0,13.6,6.9,352.3,1010.8,57.5,2.6,265.1,22.8,10,10,0.11,170
dhaka,2024-04-13,98.6,78.8,87.7,100.5,78.8,90.1,66.3,50.8,0.004,100,4.17,11.4,4.7,107.3,1010.2,46.3,2.7,265.1,22.9,10,10,0.15,184
dhaka,2024-04-14,98.4,79.4,88.0,100.6,79.4,90.8,66.5,50.6,0.083,100,8.33,15.9,5.8,248.3,1010.2,53.5,2.5,264.8,22.9,9,10,0.18,190
dhaka,2024-04-15,99.3,80.6,89.7,101.2,83.3,92.0,65.4,46.7,0.004,100,4.17,14.3,6.9,222.0,1009.3,29.5,2.5,287.5,24.8,9,10,0.21,192
dhaka,2024-04-16,100.4,77.0,86.8,110.0,77.0,91.7,70.5,60.1,0.343,100,16.67,28.9,13.9,181.2,1006.9,44.4,2.6,271.5,23.3,9,30,0.25,151
dhaka,2024-04-17,95.8,78.8,85.5,116.1,78.8,94.3,75.1,72.1,0.2,100,12.5,21.5,13.9,171.0,1005.1,62.1,2.6,257.3,22.0,9,100,0.28,157
dhaka,2024-04-18,96.9,77.0,86.4,108.1,77.0,94.3,74.2,68.8,0.064,100,20.83,20.4,11.4,148.7,1004.9,56.2,2.6,251.0,21.7,9,100,0.31,152
dhaka,2024-04-19,100.5,82.4,90.4,110.0,90.9,99.9,74.1,63.2,0.0,0,0.0,26.8,17.2,192.4,1001.8,12.4,2.9,281.1,24.4,10,100,0.34,150
dhaka,2024-04-20,104.1,82.4,92.0,112.2,92.4,101.2,72.8,59.6,0.0,0,0.0,24.8,13.9,199.9,1001.2,15.2,2.9,306.8,26.4,10,75,0.38,138
dhaka,2024-04-21,100.4,84.2,90.5,113.8,94.2,104.2,77.6,67.9,0.0,0,0.0,25.5,20.8,186.0,1002.9,21.2,2.9,287.2,24.8,10,100,0.41,134
dhaka,2024-04-22,100.4,84.2,90.8,112.2,94.2,103.6,76.5,65.9,0.0,0,0.0,20.4,17.2,195.8,1004.8,52.5,2.7,276.1,23.7,9,100,0.44,152
dhaka,2024-04-23,100.5,83.7,91.1,107.4,95.8,101.5,74.4,62.5,0.0,0,0.0,18.3,15.0,200.4,1004.3,33.6,2.7,260.8,22.5,9,75,0.48,152
dhaka,2024-04-24,102.2,83.7,91.8,104.4,91.0,98.3,70.0,52.6,0.067,100,8.33,19.0,10.3,212.9,1003.6,29.1,3.0,270.9,23.3,9,30,0.5,157
dhaka,2024-04-25,102.3,82.4,91.8,111.5,90.9,100.2,71.4,56.8,0.0,0,0.0,16.6,11.4,205.3,1004.4,29.8,2.9,295.9,25.6,10,60,0.54,165
dhaka,2024-04-26,101.2,82.4,90.6,114.9,90.9,104.1,77.4,67.8,0.0,0,0.0,24.2,12.8,185.4,1004.3,17.4,2.8,288.7,24.9,10,75,0.58,155
dhaka,2024-04-27,98.6,80.6,90.0,112.4,85.3,103.9,77.8,69.2,0.0,0,0.0,23.3,13.9,175.7,1004.6,22.0,2.9,285.0,24.5,9,100,0.62,151
dhaka,2024-04-28,102.2,84.2,91.4,118.6,96.1,107.0,78.3,68.3,0.0,0,0.0,20.8,13.9,199.0,1004.3,37.0,2.9,289.1,24.8,9,100,0.65,154
dhaka,2024-04-29,104.4,85.4,92.8,111.5,101.8,105.7,75.0,62.0,0.0,0,0.0,22.4,13.9,203.6,1004.7,15.8,2.9,296.8,25.7,10,75,0.69,156
dhaka,2024-04-30,102.2,84.2,91.5,117.2,94.2,107.0,78.5,67.7,0.008,100,4.17,24.4,17.2,179.1,1001.2,19.3,3.0,291.6,25.2,10,100,0.72,156
dhaka,2024-05-01,103.9,83.4,92.4,107.5,95.8,102.6,73.0,59.2,0.004,100,4.17,21.9,16.1,191.3,1000.1,20.7,3.4,292.1,25.4,10,100,0.75,131
dhaka,2024-05-02,100.4,84.2,91.8,110.0,93.6,101.3,72.8,57.8,0.076,100,29.17,19.5,11.4,215.3,1000.8,44.2,2.9,240.5,20.6,8,100,0.79,148
dhaka,2024-05-03,98.6,77.0,88.1,107.8,77.0,94.5,72.3,62.6,0.052,100,25.0,22.4,11.4,157.6,1004.7,29.7,2.7,246.0,21.2,9,100,0.83,162
dhaka,2024-05-04,98.6,80.6,89.5,107.8,86.2,99.4,74.8,64.1,0.104,100,37.5,20.1,13.9,181.0,1005.4,58.5,2.9,217.8,18.6,9,75,0.86,155
dhaka,2024-05-05,96.9,73.5,86.7,110.0,73.5,95.3,74.7,69.1,1.532,100,70.83,30.6,24.2,187.6,1003.2,70.8,2.7,222.5,19.1,8,75,0.9,130
dhaka,2024-05-06,84.9,71.6,77.1,90.5,71.6,78.4,69.8,78.9,1.363,100,45.83,26.2,18.3,101.4,1006.7,85.9,2.8,151.5,13.0,7,100,0.93,122
dhaka,2024-05-07,89.7,71.6,80.4,91.9,71.6,82.1,67.8,67.4,1.048,100,29.17,21.7,13.9,69.3,1010.0,64.4,2.8,158.4,13.7,7,30,0.97,141
dhaka,2024-05-08,89.6,73.2,80.3,98.2,73.2,82.8,70.8,73.5,0.024,100,8.33,11.2,20.8,75.4,1010.1,79.6,2.7,248.5,21.3,9,10,0.0,153
dhaka,2024-05-09,92.2,75.2,82.7,98.7,75.2,85.6,70.4,67.9,0.012,100,12.5,12.3,9.2,238.2,1008.9,61.1,2.5,261.4,22.4,8,30,0.04,171
dhaka,2024-05-10,93.2,77.0,84.3,97.0,77.0,86.9,68.0,59.3,0.17,100,37.5,15.7,11.4,215.5,1009.3,43.7,2.6,236.4,20.4,9,10,0.07,149
dhaka,2024-05-11,86.4,71.9,80.6,93.0,71.9,84.3,72.8,77.8,0.189,100,29.17,15.7,10.3,120.3,1010.4,59.0,2.7,189.9,16.5,6,30,0.1,130
dhaka,2024-05-12,91.9,76.6,82.5,98.7,76.6,86.0,72.1,72.1,0.032,100,25.0,10.5,16.1,141.3,1010.3,34.5,2.8,238.6,20.6,9,30,0.13,155
dhaka,2024-05-13,91.6,77.0,85.0,100.9,77.0,90.9,73.7,70.3,0.012,100,12.5,11.4,6.9,193.7,1009.2,33.3,2.6,274.0,23.7,8,30,0.17,187
dhaka,2024-05-14,95.0,80.6,87.9,107.6,86.2,97.8,75.5,68.2,0.024,100,20.83,10.1,8.1,202.0,1008.7,38.3,2.8,263.6,22.7,9,10,0.2,143
dhaka,2024-05-15,95.8,82.4,88.8,110.0,88.3,99.4,75.6,65.9,0.012,100,4.17,12.8,9.2,214.1,1009.4,18.3,2.8,281.7,24.3,9,30,0.25,153
dhaka,2024-05-16,98.7,83.4,90.6,108.7,92.8,100.8,74.7,61.4,0.0,0,0.0,14.1,6.9,256.6,1008.3,29.5,2.9,295.7,25.4,9,10,0.26,143
dhaka,2024-05-17,98.2,84.2,90.4,113.6,95.2,104.7,77.9,68.0,0.008,100,8.33,16.6,10.3,213.5,1006.2,36.9,2.9,282.1,24.3,9,60,0.3,133
dhaka,2024-05-18,87.9,77.0,83.1,100.3,77.0,91.7,76.3,80.2,0.362,100,25.0,19.9,18.3,112.4,1005.4,74.8,2.9,259.7,22.4,9,60,0.33,112
dhaka,2024-05-19,93.4,80.6,84.7,111.7,86.2,95.3,77.3,79.2,0.836,100,29.17,17.9,13.9,133.0,1004.0,82.2,2.5,149.4,12.9,6,60,0.36,165
dhaka,2024-05-20,89.1,77.0,82.3,102.8,77.0,88.2,75.4,80.0,0.122,100,25.0,17.4,15.0,102.7,1005.1,65.5,2.6,214.2,18.5,8,60,0.39,152
dhaka,2024-05-21,95.6,78.8,86.5,104.5,78.8,93.7,74.6,69.3,0.0,0,0.0,13.2,6.9,138.9,1005.0,47.3,2.7,279.1,24.1,8,30,0.42,169
dhaka,2024-05-22,93.2,78.8,87.0,110.4,78.8,99.5,77.9,74.8,0.363,100,33.33,14.8,9.2,128.5,1005.0,59.7,2.6,248.9,21.3,8,30,0.46,137
dhaka,2024-05-23,98.6,83.7,88.8,112.2,92.1,100.8,76.8,69.1,0.004,100,4.17,10.3,9.2,127.5,1003.1,51.4,2.8,295.4,25.6,9,30,0.5,185
dhaka,2024-05-24,100.4,82.4,91.4,114.5,90.8,103.0,75.8,62.2,0.008,100,8.33,15.9,6.9,135.2,1001.3,29.5,2.8,294.6,25.6,9,10,0.52,152
dhaka,2024-05-25,99.3,82.4,91.0,116.1,89.5,105.6,77.9,66.7,0.048,100,20.83,18.8,11.4,138.8,999.4,39.9,3.4,276.1,23.8,9,30,0.56,143
dhaka,2024-05-27,82.4,78.8,80.1,90.9,78.8,84.6,77.6,92.2,7.783,100,100.0,73.6,31.1,117.2,989.1,97.9,1.8,13.5,1.2,1,10,0.63,32
dhaka,2024-05-28,93.0,77.0,83.4,105.5,77.0,91.5,77.6,83.8,3.386,100,62.5,50.3,18.3,230.1,994.6,88.8,2.3,122.9,10.5,6,75,0.67,84
dhaka,2024-05-29,92.4,84.2,88.1,118.3,98.3,108.0,82.0,82.5,0.072,100,62.5,32.2,17.2,176.4,998.9,87.3,2.7,196.3,16.9,7,75,0.7,137
dhaka,2024-05-30,93.6,86.0,88.6,117.1,101.9,107.5,81.3,79.8,0.048,100,33.33,28.0,15.0,176.2,1001.8,85.7,2.9,224.1,19.2,8,75,0.75,134
dhaka,2024-05-31,89.6,82.4,86.5,108.1,90.9,99.9,78.5,77.4,0.02,100,16.67,28.4,10.3,183.0,1003.1,80.0,2.9,208.1,18.1,7,60,0.77,130
dhaka,2024-06-01,95.0,82.4,88.6,116.1,90.9,104.7,79.6,75.6,0.084,100,45.83,22.1,13.9,188.6,1004.2,55.4,2.8,237.3,20.5,7,60,0.81,125
dhaka,2024-06-02,96.8,84.2,88.8,117.1,95.2,105.9,80.1,76.1,0.198,100,50.0,23.3,12.8,182.1,1004.9,64.8,2.9,227.5,19.8,8,60,0.85,119
dhaka,2024-06-03,95.9,82.4,86.8,115.2,89.5,100.6,78.7,77.4,0.506,100,79.17,25.1,13.9,176.4,1004.2,76.9,2.9,192.1,16.7,8,60,0.88,102
dhaka,2024-06-04,94.4,80.6,85.5,111.6,85.3,97.3,78.0,78.9,0.123,100,50.0,23.9,11.4,127.2,1004.6,71.2,2.7,235.1,20.2,8,60,0.92,140
dhaka,2024-06-05,94.5,80.6,86.4,116.6,86.2,100.0,78.6,78.1,0.143,100,37.5,15.0,9.2,113.0,1004.6,63.1,2.8,254.7,22.1,9,60,0.95,142
dhaka,2024-06-06,92.1,77.0,85.1,106.6,77.0,95.8,77.8,79.7,0.351,100,58.33,17.0,17.2,62.3,1004.9,70.6,2.7,192.5,16.8,6,75,0.0,135
dhaka,2024-06-07,94.0,78.8,85.3,117.1,78.8,98.5,79.5,83.3,0.301,100,75.0,19.0,9.2,118.3,1002.7,83.7,2.4,209.9,18.2,8,60,0.02,161
dhaka,2024-06-08,94.5,77.0,86.7,117.1,77.0,100.1,78.6,77.6,0.024,100,20.83,19.7,12.8,163.1,1001.8,69.7,2.8,217.1,18.9,6,75,0.06,131
dhaka,2024-06-09,90.9,84.2,86.4,111.5,98.3,103.6,81.3,84.9,0.02,100,20.83,22.1,10.3,129.1,1001.1,83.3,2.9,187.8,16.3,6,75,0.09,120
dhaka,2024-06-10,86.4,78.8,82.9,102.9,78.8,91.4,77.2,83.4,0.004,100,4.17,22.1,16.1,107.9,1002.1,90.5,2.8,217.1,19.1,7,60,0.12,147
dhaka,2024-06-11,95.7,82.4,88.4,114.4,90.9,104.2,79.8,76.8,0.0,0,0.0,18.6,10.3,154.3,1001.8,70.1,2.8,219.0,19.1,8,60,0.15,146
dhaka,2024-06-12,94.8,84.2,88.6,113.6,98.3,105.9,80.4,77.4,0.044,100,29.17,17.0,15.0,170.5,1002.0,78.3,3.0,204.1,17.7,7,60,0.18,111
dhaka,2024-06-13,92.4,76.7,84.9,112.6,76.7,97.2,79.0,83.0,0.209,100,58.33,25.3,17.2,166.9,1001.5,89.5,2.6,188.1,16.3,7,60,0.22,119
dhaka,2024-06-14,88.9,78.3,83.4,110.3,78.3,94.4,79.2,87.4,0.104,100,41.67,28.4,12.8,127.0,1000.5,93.2,2.6,162.1,14.0,5,75,0.25,139
dhaka,2024-06-15,91.5,84.2,86.5,113.4,96.1,103.6,81.2,84.6,0.028,100,25.0,27.5,15.0,153.8,1000.4,91.1,2.6,180.0,15.6,7,75,0.28,131
dhaka,2024-06-16,93.1,82.4,87.4,111.4,90.9,102.8,79.6,78.2,0.119,100,45.83,31.1,13.9,165.1,1001.7,90.2,2.6,206.1,17.8,7,60,0.31,105
dhaka,2024-06-17,93.4,84.2,88.0,114.0,96.1,105.6,80.7,79.2,0.076,100,37.5,30.9,13.9,173.0,1002.0,91.3,2.6,216.4,18.7,7,75,0.35,97
dhaka,2024-06-18,89.1,81.6,85.7,110.8,90.7,101.0,80.2,83.5,0.342,100,20.83,30.6,16.1,161.6,1000.0,93.1,2.5,131.4,11.4,6,60,0.38,94
dhaka,2024-06-19,87.8,77.0,82.8,105.2,77.0,91.3,76.8,82.5,0.603,100,58.33,28.0,16.1,128.7,999.6,87.4,2.5,86.4,7.4,3,60,0.41,70
dhaka,2024-06-20,86.0,77.0,80.8,101.9,77.0,86.1,76.4,86.7,0.103,100,37.5,24.2,11.4,130.2,1000.5,90.0,2.5,154.2,13.3,6,60,0.44,75
dhaka,2024-06-21,92.8,78.8,85.0,110.0,78.8,94.7,78.1,80.7,0.311,100,66.67,12.1,8.1,125.2,1001.1,72.1,2.6,133.3,11.6,5,30,0.47,113
dhaka,2024-06-22,89.8,82.3,84.9,108.1,92.3,98.1,79.6,84.7,0.175,100,66.67,13.9,6.9,174.7,1001.1,73.6,2.7,178.4,15.4,6,30,0.5,108
dhaka,2024-06-23,94.0,80.6,87.5,110.4,88.2,101.2,78.8,76.4,0.099,100,50.0,17.7,9.2,170.6,1001.6,65.5,2.8,228.8,19.9,8,30,0.54,127
dhaka,2024-06-24,94.4,82.4,87.8,110.9,92.4,102.8,79.3,76.6,0.103,100,45.83,16.6,9.2,193.4,1000.8,64.8,2.7,225.7,19.5,7,30,0.58,92
dhaka,2024-06-25,97.4,84.2,88.0,112.9,94.2,101.7,78.4,74.5,0.016,100,16.67,17.4,9.2,182.6,1000.3,70.9,2.8,224.6,19.5,8,30,0.62,96
dhaka,2024-06-26,89.2,81.0,85.5,108.6,88.5,100.0,80.0,84.0,0.547,100,87.5,13.4,8.1,166.8,1001.3,78.1,2.6,177.3,15.5,6,30,0.65,131
dhaka,2024-06-27,91.8,82.4,86.4,107.8,94.2,99.4,78.6,78.4,0.765,100,70.83,21.0,15.0,143.2,1003.0,79.2,2.8,144.3,12.6,7,30,0.69,96
dhaka,2024-06-28,89.7,80.6,84.4,106.5,88.2,96.9,79.3,84.8,0.662,100,75.0,26.4,15.0,141.9,1001.5,88.7,2.7,130.2,11.1,5,30,0.72,74
dhaka,2024-06-29,89.6,80.6,84.2,111.5,88.2,97.6,80.1,87.8,0.526,100,95.83,29.5,13.9,157.6,1000.3,91.8,2.4,115.9,9.9,6,30,0.75,102
dhaka,2024-06-30,89.6,80.6,82.9,111.5,88.2,94.0,79.2,88.9,0.612,100,95.83,25.1,13.9,178.7,1000.2,92.6,2.3,129.9,11.2,6,30,0.79,97
dhaka,2024-07-01,87.8,78.8,82.4,105.2,78.8,93.5,80.3,93.6,0.681,100,100.0,22.1,10.3,191.6,999.2,99.2,2.4,50.9,4.3,2,30,0.83,117
dhaka,2024-07-02,84.2,78.8,81.4,96.1,78.8,90.4,79.6,94.2,1.267,100,100.0,16.3,8.1,186.4,998.7,97.9,2.4,87.1,7.4,4,30,0.87,126
dhaka,2024-07-03,86.0,80.6,82.2,100.0,87.7,91.4,78.4,88.6,0.386,100,83.33,20.6,11.4,173.9,1000.4,91.9,2.5,100.3,8.6,3,10,0.9,109
dhaka,2024-07-04,87.8,80.6,82.6,105.2,87.1,93.1,79.2,89.8,0.371,100,66.67,22.6,12.8,159.4,1002.6,92.3,2.5,85.3,7.4,4,30,0.94,102
dhaka,2024-07-05,86.1,80.6,82.7,101.9,87.1,92.8,78.5,87.1,0.4,100,75.0,21.5,12.8,161.6,1002.2,90.5,2.4,71.9,6.2,3,30,0.97,111
dhaka,2024-07-06,91.3,80.6,84.6,108.1,87.1,96.6,78.9,83.4,0.269,100,54.17,21.7,13.9,162.9,1001.8,83.7,2.7,177.1,15.6,5,10,0.0,99
dhaka,2024-07-07,92.4,80.6,86.5,109.3,88.2,98.8,78.2,77.4,0.34,100,66.67,18.1,9.2,165.1,1003.2,65.3,2.8,177.7,15.4,7,30,0.04,107
dhaka,2024-07-08,93.0,82.4,86.5,108.3,92.4,99.6,78.6,77.9,0.016,100,16.67,18.1,10.3,174.3,1003.8,81.3,2.9,197.9,17.0,8,30,0.07,98
dhaka,2024-07-09,91.0,82.4,85.2,108.1,90.9,98.3,79.2,82.7,0.174,100,45.83,21.0,15.0,175.9,1004.6,83.4,3.1,156.2,13.5,7,30,0.11,109
dhaka,2024-07-10,92.2,82.4,86.7,110.9,92.4,101.2,79.5,79.9,0.241,100,45.83,22.8,15.0,183.3,1004.8,74.8,2.7,185.8,16.1,7,30,0.14,100
dhaka,2024-07-11,92.6,80.6,84.8,110.9,88.2,97.9,79.5,84.6,0.218,100,50.0,24.6,10.3,183.8,1001.9,89.0,2.6,222.2,19.4,7,30,0.17,96
dhaka,2024-07-12,86.7,77.0,82.3,101.6,77.0,91.3,78.7,89.2,0.412,100,75.0,20.8,9.2,158.2,1000.2,92.6,2.4,108.9,9.4,4,30,0.2,111
dhaka,2024-07-13,89.1,80.5,84.4,105.5,87.9,96.8,79.3,84.9,0.128,100,54.17,18.8,8.1,166.4,998.7,88.7,2.6,198.4,17.1,8,10,0.24,113
dhaka,2024-07-14,91.4,82.4,86.3,107.8,92.4,99.8,79.1,79.7,0.048,100,37.5,18.8,9.2,153.1,998.7,76.6,2.7,237.7,20.5,7,30,0.25,110
dhaka,2024-07-15,93.3,83.7,87.6,110.4,94.2,101.6,78.7,75.6,0.347,100,37.5,24.8,12.8,137.9,1001.0,82.3,2.9,201.3,17.5,8,30,0.3,83
dhaka,2024-07-16,89.7,84.2,86.5,108.1,94.0,100.4,78.9,78.6,0.084,100,54.17,22.8,10.3,130.8,1002.0,80.6,2.8,174.6,15.1,6,30,0.33,88
dhaka,2024-07-17,93.8,82.4,88.0,112.4,92.4,103.4,79.7,77.3,0.028,100,25.0,16.3,6.9,161.8,1001.4,61.2,3.0,217.8,18.8,7,30,0.36,118
dhaka,2024-07-18,97.6,83.7,90.6,118.6,95.3,106.7,78.9,69.6,0.285,100,41.67,16.1,8.1,113.7,999.5,65.0,3.1,223.6,19.3,8,30,0.4,108
dhaka,2024-07-22,87.8,81.4,84.3,102.4,90.6,96.8,79.3,85.3,0.383,100,83.33,26.8,18.3,142.1,1000.9,88.7,2.8,138.9,12.0,5,30,0.53,63
dhaka,2024-07-23,87.8,80.6,84.0,105.2,88.2,96.6,79.7,87.2,0.262,100,58.33,30.6,17.2,133.7,998.9,90.2,2.7,151.9,13.2,7,10,0.56,56
dhaka,2024-07-24,92.0,82.4,85.3,109.8,93.5,99.5,80.2,85.4,0.107,100,33.33,21.3,15.0,135.2,995.1,86.5,2.6,152.1,13.2,5,30,0.6,77
dhaka,2024-07-25,93.3,82.4,87.0,108.8,92.4,101.1,79.3,78.6,0.056,100,50.0,20.4,13.9,114.5,993.2,73.4,2.8,193.9,16.9,7,30,0.64,93
dhaka,2024-07-26,95.0,84.1,87.4,113.6,94.2,101.3,78.7,75.9,0.076,100,33.33,30.4,24.2,124.5,993.2,59.1,2.9,150.2,13.1,6,30,0.67,69
dhaka,2024-07-27,94.5,84.2,88.2,113.8,96.1,103.1,79.0,74.9,0.086,100,16.67,28.0,16.1,132.5,997.0,74.6,3.0,183.6,15.9,7,30,0.71,68
dhaka,2024-07-28,95.0,84.2,88.0,110.9,96.1,102.2,78.7,74.6,0.02,100,12.5,24.8,13.9,137.8,998.4,74.8,3.2,231.5,20.1,8,30,0.75,69
dhaka,2024-07-29,90.8,82.4,86.0,108.1,92.4,99.4,79.0,80.1,0.048,100,29.17,28.6,11.4,128.1,998.6,80.9,3.0,179.1,15.6,6,30,0.78,82
dhaka,2024-07-30,87.8,82.4,84.4,105.2,90.9,97.8,79.8,86.2,0.235,100,75.0,20.1,10.3,160.6,1000.6,86.3,2.6,154.4,13.2,5,10,0.81,106
dhaka,2024-07-31,93.8,81.9,85.6,111.4,92.3,99.7,80.0,84.1,0.38,100,66.67,17.4,12.8,124.0,1000.5,79.0,2.8,137.1,11.8,5,30,0.85,114
dhaka,2024-08-01,84.2,78.8,80.7,98.3,78.8,86.8,78.5,93.0,1.807,100,100.0,39.6,17.2,127.8,998.7,97.6,2.4,55.4,4.7,4,10,0.89,59
dhaka,2024-08-02,82.4,78.4,79.8,94.2,78.4,82.8,77.9,94.1,1.392,100,100.0,33.3,13.9,141.2,1001.0,98.6,2.1,77.4,6.7,5,10,0.92,104
dhaka,2024-08-03,87.8,78.4,81.8,108.3,78.4,90.8,78.9,91.1,0.644,100,100.0,23.9,12.8,154.0,1004.0,94.6,2.4,63.9,5.5,3,30,0.96,117
dhaka,2024-08-04,91.4,78.8,84.3,107.1,78.8,94.1,78.1,82.4,0.08,100,50.0,18.1,11.4,159.9,1005.1,69.8,3.2,124.3,10.7,6,30,0.0,103
dhaka,2024-08-05,88.8,80.6,84.0,103.2,86.2,95.5,78.6,84.3,0.461,100,54.17,18.1,13.9,168.7,1004.3,79.2,3.0,188.8,16.2,7,30,0.03,76
dhaka,2024-08-06,89.6,80.6,84.6,108.1,87.1,96.1,78.5,82.5,0.219,100,79.17,19.9,11.4,143.3,1003.0,81.6,3.0,132.9,11.6,5,10,0.06,77
dhaka,2024-08-07,91.0,80.6,84.6,108.1,88.2,96.6,78.9,83.7,0.381,100,83.33,24.4,15.0,149.2,1003.2,74.6,2.8,131.4,11.2,6,30,0.09,87
dhaka,2024-08-08,89.6,80.6,84.2,102.6,88.2,95.1,78.4,83.2,0.355,100,58.33,24.2,13.9,147.4,1005.0,84.3,2.8,141.2,12.2,5,10,0.12,89
dhaka,2024-08-09,89.7,79.5,83.8,105.4,79.5,93.9,78.4,84.4,0.348,100,79.17,24.2,12.8,167.8,1005.8,77.2,2.8,128.8,11.2,6,10,0.16,80
dhaka,2024-08-10,87.9,82.0,84.1,103.5,91.5,96.2,79.0,84.9,0.425,100,66.67,21.5,12.8,172.3,1004.6,85.2,2.7,110.0,9.5,4,30,0.19,108
dhaka,2024-08-11,88.2,82.4,83.8,104.1,92.4,95.8,79.4,86.9,0.638,100,70.83,19.7,8.1,179.2,1003.6,90.1,2.5,126.6,11.0,5,30,0.22,117
dhaka,2024-08-12,87.8,80.5,83.8,108.3,87.9,96.6,80.0,88.5,0.254,100,70.83,18.6,6.9,164.7,1003.9,82.6,2.5,179.1,15.5,8,30,0.25,128
dhaka,2024-08-13,91.4,81.9,85.3,110.9,92.9,99.8,80.4,85.8,0.381,100,66.67,15.7,6.9,147.4,1004.4,86.3,2.6,127.9,11.1,6,30,0.29,146
dhaka,2024-08-14,93.8,82.0,86.9,112.4,92.4,101.9,79.9,80.5,0.024,100,25.0,16.8,11.4,134.6,1004.1,69.0,2.9,204.2,17.6,7,30,0.32,115
dhaka,2024-08-15,93.2,82.4,87.0,110.9,92.4,101.0,79.1,78.2,0.06,100,45.83,20.4,11.4,145.7,1003.1,60.0,2.9,204.6,17.5,7,30,0.35,109
dhaka,2024-08-16,89.2,78.8,83.8,102.1,78.8,94.7,78.6,84.8,0.151,100,70.83,21.0,18.3,115.8,1002.5,83.8,2.7,126.2,10.9,4,30,0.39,76
dhaka,2024-08-17,88.7,78.8,82.6,102.4,78.8,90.2,76.3,81.7,0.223,100,66.67,21.9,16.1,72.0,1003.0,84.9,2.6,124.0,10.5,6,10,0.42,42
dhaka,2024-08-18,86.0,78.3,81.7,101.9,78.3,89.0,78.0,88.7,0.187,100,91.67,19.9,13.9,107.2,1003.0,92.3,2.7,110.6,9.6,4,30,0.45,64
dhaka,2024-08-19,82.4,78.8,80.0,92.4,78.8,83.9,77.1,90.9,2.004,100,100.0,26.4,11.4,87.4,1002.2,96.7,2.5,31.2,2.9,1,10,0.48,67
dhaka,2024-08-20,89.7,78.8,83.2,105.5,78.8,91.9,78.4,85.9,0.513,100,91.67,22.4,10.3,191.6,1003.3,88.8,2.7,91.5,7.8,3,30,0.5,101
dhaka,2024-08-21,83.0,78.8,81.3,95.1,78.8,90.4,79.5,94.4,1.427,100,100.0,20.6,8.1,147.1,1004.6,97.3,2.1,37.1,3.3,2,30,0.55,114
dhaka,2024-08-22,81.3,78.8,80.4,89.0,78.8,87.0,78.6,94.1,1.242,100,100.0,19.0,12.8,131.4,1004.1,100.0,2.4,59.1,5.2,3,30,0.59,122
dhaka,2024-08-23,87.8,80.2,82.5,105.2,87.1,92.4,78.7,88.6,0.144,100,70.83,18.6,11.4,136.3,1005.3,90.6,2.7,101.4,8.8,5,10,0.62,86
dhaka,2024-08-24,90.4,80.6,84.5,105.2,87.1,94.8,77.5,80.1,0.167,100,50.0,21.9,9.2,135.6,1005.2,67.5,2.8,193.6,16.7,7,30,0.66,83
dhaka,2024-08-25,86.1,78.8,81.1,97.6,78.8,86.9,77.6,89.3,0.405,100,83.33,21.7,12.8,100.4,1002.8,91.2,2.5,126.3,11.1,4,10,0.69,55
dhaka,2024-08-26,85.4,78.0,80.7,98.4,78.0,85.7,77.3,89.6,0.672,100,83.33,26.8,12.8,128.5,1003.4,94.9,2.5,94.1,8.2,4,10,0.75,92
dhaka,2024-08-27,88.5,78.8,82.9,102.4,78.8,92.0,78.1,85.8,0.263,100,75.0,19.9,9.2,130.9,1005.7,72.6,2.7,164.8,14.3,7,30,0.76,95
dhaka,2024-08-28,88.0,80.6,83.9,105.5,88.2,95.1,78.8,85.0,0.095,100,33.33,13.4,8.1,153.4,1005.1,62.9,2.6,164.9,14.3,7,30,0.8,122
dhaka,2024-08-29,93.9,80.2,87.0,109.6,87.1,99.9,78.5,77.1,0.087,100,12.5,14.1,15.3,214.5,1004.2,52.1,2.8,236.1,20.6,7,30,0.83,131
dhaka,2024-08-30,94.0,79.5,87.0,113.6,79.5,99.6,78.5,76.9,0.044,100,25.0,13.9,11.4,146.9,1004.3,66.2,2.8,239.4,20.7,8,30,0.87,105
dhaka,2024-08-31,91.8,82.4,86.7,110.9,92.4,99.9,78.4,76.8,0.496,100,41.67,23.5,12.8,151.2,1005.0,65.6,3.1,219.1,19.0,8,30,0.9,90
dhaka,2024-09-01,90.0,80.6,85.2,106.6,88.2,97.9,79.1,82.3,0.142,100,54.17,16.3,9.2,126.5,1006.4,75.1,2.6,164.4,14.2,8,30,0.94,99
dhaka,2024-09-02,89.6,81.9,85.0,108.1,92.8,98.8,79.9,85.2,0.016,100,16.67,12.1,6.9,208.7,1006.3,71.8,2.5,237.2,20.4,8,30,0.97,132
dhaka,2024-09-03,87.8,75.2,82.5,102.4,75.2,92.4,78.8,89.0,0.34,100,70.83,13.0,11.4,134.4,1006.5,89.7,2.5,110.7,9.5,5,30,0.0,118
dhaka,2024-09-04,94.0,80.6,85.9,110.4,88.2,98.9,79.2,81.4,0.146,100,50.0,13.0,11.4,212.1,1003.9,74.5,3.4,191.0,16.5,6,30,0.04,111
dhaka,2024-09-05,89.8,80.5,84.8,108.5,88.0,98.7,80.3,86.9,0.281,100,50.0,13.2,8.1,15.8,1002.6,67.3,2.8,202.2,17.4,6,30,0.07,126
dhaka,2024-09-06,92.8,80.6,85.7,105.1,86.2,97.4,77.9,78.5,0.19,100,33.33,16.6,9.2,311.8,1003.2,69.6,2.9,195.1,16.7,7,60,0.11,118
dhaka,2024-09-07,93.2,78.8,86.9,117.1,78.8,102.6,80.5,81.8,0.364,100,58.33,15.0,6.9,198.5,1002.8,72.7,2.5,186.9,16.0,6,60,0.14,157
dhaka,2024-09-08,94.6,82.0,87.8,110.4,91.6,102.1,78.9,75.8,0.787,100,45.83,15.9,9.2,154.9,1003.3,63.8,2.9,208.7,18.1,9,30,0.17,100
dhaka,2024-09-09,93.0,83.2,87.3,107.8,94.8,100.4,78.2,75.4,0.071,100,20.83,22.4,13.9,141.2,1001.9,48.8,2.8,214.5,18.5,8,60,0.21,82
dhaka,2024-09-10,92.1,78.8,85.4,111.5,78.8,98.5,79.4,82.9,0.024,100,20.83,20.1,12.8,143.8,1002.2,72.9,2.8,211.7,18.2,7,30,0.24,93
dhaka,2024-09-11,93.2,82.4,87.5,113.6,92.4,104.4,80.6,80.5,0.167,100,33.33,19.2,8.1,148.8,1002.3,59.1,3.0,209.7,18.2,8,60,0.25,126
dhaka,2024-09-12,96.2,82.4,89.2,117.1,94.2,105.4,79.8,75.3,0.548,100,37.5,22.1,11.4,349.4,1000.8,80.7,2.8,232.8,20.2,9,60,0.31,115
dhaka,2024-09-13,92.2,80.5,87.0,108.1,85.9,98.7,77.0,72.8,0.15,100,29.17,20.1,18.3,67.0,998.6,76.7,2.8,155.8,13.4,6,30,0.34,55
dhaka,2024-09-14,81.4,77.0,78.8,87.6,77.0,79.3,76.3,92.0,2.067,100,100.0,36.7,19.7,111.1,997.9,97.4,2.3,41.0,3.4,2,10,0.37,39
dhaka,2024-09-15,80.6,77.0,79.0,88.2,77.0,80.8,77.4,94.9,2.035,100,100.0,38.5,18.3,117.3,999.4,98.9,2.1,28.0,2.6,1,10,0.4,61
dhaka,2024-09-16,90.3,76.5,82.6,103.0,76.5,90.3,77.6,85.5,0.13,100,37.5,29.5,15.0,136.3,1003.1,86.8,2.5,185.7,16.1,7,30,0.44,111
dhaka,2024-09-17,93.4,78.8,85.8,110.9,78.8,96.6,78.2,79.2,0.02,100,16.67,17.7,9.2,171.4,1005.2,57.6,2.6,234.1,20.2,8,30,0.47,136
dhaka,2024-09-18,93.4,81.9,87.9,113.6,92.3,103.2,79.6,77.3,0.052,100,33.33,9.8,8.1,293.5,1004.0,59.3,2.7,227.3,19.5,7,60,0.5,153
dhaka,2024-09-19,96.8,84.2,90.0,118.6,98.3,108.9,81.0,76.3,0.112,100,54.17,13.6,9.2,310.4,1003.0,52.0,2.8,221.6,19.2,8,60,0.54,154
dhaka,2024-09-20,98.1,86.0,91.4,118.6,104.8,111.8,81.3,73.7,0.008,100,8.33,11.6,9.2,313.7,1002.9,42.3,2.8,228.4,19.5,8,60,0.57,150
dhaka,2024-09-21,89.6,78.8,84.1,108.3,78.8,94.5,76.9,79.2,0.016,100,16.67,15.9,25.3,286.0,1004.4,65.2,2.6,191.7,16.7,7,60,0.61,103
dhaka,2024-09-22,96.2,78.8,87.2,111.0,78.8,96.8,76.3,71.5,0.0,0,0.0,13.6,6.9,30.7,1002.8,37.4,2.8,251.2,21.7,8,60,0.64,104
dhaka,2024-09-23,96.7,85.2,88.7,121.2,100.9,108.8,81.9,80.7,0.0,0,0.0,17.7,8.1,190.4,1003.1,69.4,2.5,168.8,14.6,5,60,0.68,174
dhaka,2024-09-24,93.8,82.4,86.8,107.8,92.4,100.5,79.0,78.6,0.245,100,45.83,24.8,11.4,137.5,1004.8,76.5,2.8,184.4,15.9,7,30,0.71,83
dhaka,2024-09-25,82.5,78.8,80.7,92.6,78.8,87.9,78.5,93.1,1.117,100,95.83,23.7,18.3,134.2,1006.6,90.4,2.4,86.6,7.3,3,10,0.75,76
dhaka,2024-09-26,80.6,76.6,78.9,87.8,76.6,80.3,76.9,93.6,1.001,100,100.0,20.1,11.4,125.2,1008.8,92.4,2.2,60.6,5.4,3,10,0.78,95
dhaka,2024-09-27,86.8,78.3,81.2,100.1,78.3,87.6,78.0,90.2,0.25,100,58.33,20.8,10.3,142.3,1009.7,84.6,2.4,170.7,14.9,7,30,0.81,108
dhaka,2024-09-28,92.9,78.8,85.0,107.8,78.8,95.4,78.5,81.7,0.127,100,41.67,19.9,9.2,190.6,1009.3,56.9,2.8,181.0,15.6,8,30,0.85,91
dhaka,2024-09-29,90.4,78.8,85.2,109.7,78.8,99.3,80.3,85.9,0.096,100,54.17,16.8,8.1,240.0,1008.2,77.0,2.7,161.1,13.9,6,60,0.88,106
dhaka,2024-09-30,88.8,82.4,84.7,108.3,94.2,100.7,81.7,90.8,0.502,100,75.0,16.3,5.8,242.6,1006.9,89.5,2.4,180.1,15.6,6,60,0.91,161
dhaka,2024-10-01,93.8,78.8,84.2,114.4,78.8,96.1,79.6,86.6,0.804,100,66.67,15.7,8.1,219.9,1004.5,88.3,2.4,131.8,11.4,5,30,0.95,148
dhaka,2024-10-02,91.0,78.8,84.0,108.1,78.8,95.5,79.5,87.0,0.351,100,58.33,11.0,8.1,305.1,1003.0,86.0,2.2,210.4,18.3,8,30,0.98,135
dhaka,2024-10-03,82.4,78.8,80.3,92.4,78.8,86.1,78.2,93.5,2.514,100,91.67,18.8,10.3,139.4,1003.1,98.7,2.2,28.4,2.4,2,10,0.0,100
dhaka,2024-10-04,87.8,76.9,81.0,105.2,76.9,88.1,78.2,91.5,1.002,100,91.67,20.4,12.8,167.7,1005.0,93.2,2.4,63.1,5.4,3,30,0.05,115
dhaka,2024-10-05,80.6,77.0,79.0,88.2,77.0,81.3,77.2,94.4,1.047,100,79.17,18.6,8.1,153.3,1007.8,95.4,2.2,192.9,16.7,8,30,0.08,133
dhaka,2024-10-06,89.6,79.5,83.7,105.2,79.5,93.2,78.1,84.0,0.234,100,54.17,18.8,8.1,155.4,1010.4,84.9,2.5,191.1,16.6,7,30,0.12,117
dhaka,2024-10-07,91.4,80.5,82.9,110.9,87.1,92.5,78.4,86.8,0.088,100,50.0,12.1,5.8,120.4,1012.5,84.9,2.6,190.4,16.5,7,30,0.15,147
dhaka,2024-10-08,91.5,78.8,83.0,106.4,78.8,91.4,78.1,86.1,0.068,100,37.5,13.9,13.9,342.0,1012.2,67.5,2.5,179.1,15.6,7,30,0.19,123
dhaka,2024-10-09,90.4,77.1,81.4,102.4,77.1,87.6,77.6,88.6,0.104,100,41.67,14.1,11.4,115.7,1010.4,77.5,2.5,192.8,16.6,7,30,0.22,150
dhaka,2024-10-10,89.6,77.0,82.5,105.2,77.0,89.5,77.0,84.1,0.726,100,62.5,15.7,5.8,193.5,1009.2,80.8,2.5,151.4,12.9,7,30,0.25,141
dhaka,2024-10-11,90.4,77.0,83.4,103.9,77.0,91.9,77.2,82.3,0.405,100,87.5,17.2,16.1,235.3,1008.8,70.4,2.4,173.2,14.9,7,30,0.25,105
dhaka,2024-10-12,89.6,78.7,83.1,105.2,78.7,90.0,76.8,82.0,0.182,100,50.0,15.7,8.1,215.9,1010.2,85.6,2.6,189.9,16.4,7,30,0.32,154
dhaka,2024-10-13,91.6,78.8,84.5,100.3,78.8,92.0,75.9,76.8,0.0,0,0.0,9.6,5.8,40.9,1010.7,51.2,2.4,242.3,21.0,8,30,0.36,178
dhaka,2024-10-14,91.0,78.8,84.0,102.8,78.8,90.9,75.4,77.1,0.0,0,0.0,11.6,8.1,296.8,1010.4,54.4,2.2,196.2,16.8,7,10,0.39,176
dhaka,2024-10-15,89.1,78.3,83.2,95.9,78.3,88.5,73.9,74.6,0.0,0,0.0,12.8,5.8,323.6,1010.0,53.5,2.2,179.5,15.5,6,10,0.42,178
dhaka,2024-10-16,89.6,78.8,83.7,100.3,78.8,90.1,75.5,77.3,0.0,0,0.0,10.7,6.9,109.8,1010.3,61.2,2.0,203.2,17.6,7,10,0.46,228
dhaka,2024-10-17,86.8,78.8,82.1,97.9,78.8,89.0,76.5,83.5,0.064,100,20.83,10.5,6.9,82.1,1010.5,82.0,2.0,107.5,9.2,4,10,0.5,195
dhaka,2024-10-18,86.2,77.0,80.4,99.4,77.0,85.0,77.3,90.7,0.901,100,50.0,15.2,6.9,59.6,1009.9,90.8,2.0,159.0,13.7,7,10,0.53,166
dhaka,2024-10-19,89.0,77.0,82.4,97.8,77.0,87.8,76.1,82.5,0.147,100,54.17,15.4,5.8,288.3,1010.7,78.1,2.3,145.5,12.5,6,30,0.56,171
dhaka,2024-10-20,89.1,77.0,82.0,95.9,77.0,86.1,74.4,79.1,0.0,0,0.0,14.3,8.1,0.1,1011.5,55.2,2.4,196.4,16.9,7,10,0.59,162
dhaka,2024-10-21,89.8,77.0,82.6,97.2,77.0,86.2,72.7,74.1,0.0,0,0.0,7.6,5.8,348.9,1010.2,52.6,2.4,237.9,20.4,8,10,0.63,170
dhaka,2024-10-22,93.3,77.8,85.0,103.2,77.8,93.2,76.2,76.3,0.004,100,4.17,11.9,6.9,2.8,1009.8,34.1,2.5,214.5,18.6,8,30,0.66,151
dhaka,2024-10-23,87.8,78.8,82.4,102.4,78.8,90.2,76.8,83.7,0.666,100,50.0,13.2,12.8,53.8,1009.5,86.6,2.5,44.8,3.8,2,10,0.69,127
dhaka,2024-10-24,81.8,73.1,77.3,87.7,73.1,78.7,73.3,87.6,0.622,100,100.0,28.4,13.9,65.3,1009.4,92.6,2.3,52.4,4.6,4,10,0.75,57
dhaka,2024-10-25,89.2,74.8,81.2,100.3,74.8,86.5,74.6,80.9,0.1,100,41.67,25.3,10.3,97.3,1008.5,86.8,2.6,161.8,14.0,7,10,0.76,101
dhaka,2024-10-26,90.6,78.8,83.5,99.9,78.8,90.8,76.1,79.5,0.044,100,29.17,17.0,9.2,122.1,1008.8,69.1,2.6,162.2,13.8,6,10,0.79,143
dhaka,2024-10-27,91.4,78.4,83.9,100.5,78.4,90.6,75.6,77.4,0.0,0,0.0,8.5,6.9,278.3,1008.3,37.1,2.4,203.8,17.6,7,10,0.82,167
dhaka,2024-10-28,91.8,78.4,84.5,98.7,78.4,90.4,73.7,71.4,0.0,0,0.0,10.5,8.1,331.4,1007.4,40.1,2.5,225.7,19.6,8,10,0.86,161
dhaka,2024-10-29,92.6,76.5,83.9,99.4,76.5,89.5,74.2,74.0,0.016,100,12.5,9.6,6.9,278.0,1008.3,42.6,2.5,181.3,15.7,7,10,0.89,185
dhaka,2024-10-30,91.0,79.0,84.8,100.3,79.0,93.3,75.9,75.6,0.024,100,25.0,11.6,5.8,273.2,1009.6,45.9,2.1,172.5,14.9,6,10,0.92,180
dhaka,2024-10-31,90.9,80.6,84.6,102.6,87.1,94.0,76.6,77.7,0.02,100,8.33,12.8,5.8,250.4,1010.3,43.4,2.5,173.3,14.9,7,10,0.96,149
dhaka,2024-11-01,91.0,78.9,83.9,98.9,78.9,90.3,74.5,74.7,0.032,100,29.17,13.9,9.2,353.4,1011.3,50.7,2.4,182.6,15.8,7,10,0.0,175
dhaka,2024-11-02,89.8,75.9,82.8,96.4,75.9,87.1,73.1,73.8,0.0,0,0.0,11.6,9.2,343.4,1012.1,38.3,2.4,193.8,16.9,7,10,0.02,169
dhaka,2024-11-03,89.0,76.6,82.0,93.9,76.6,85.5,72.9,75.0,0.0,0,0.0,11.9,5.8,34.0,1012.0,40.8,2.2,202.6,17.5,8,10,0.06,170
dhaka,2024-11-04,89.8,74.8,82.3,92.7,74.8,85.2,71.2,71.3,0.0,0,0.0,10.1,5.8,48.3,1012.0,18.4,2.4,201.0,17.4,7,10,0.09,165
dhaka,2024-11-05,90.4,75.2,81.9,93.6,75.2,84.0,69.9,68.8,0.144,100,50.0,10.1,13.9,39.2,1012.6,47.4,2.5,154.8,13.4,6,10,0.13,152
dhaka,2024-11-06,86.2,70.6,77.5,88.4,70.6,78.3,67.5,73.1,0.028,100,16.67,11.9,16.1,111.2,1013.3,68.0,2.6,177.7,15.4,7,60,0.16,123
dhaka,2024-11-07,87.4,72.3,79.7,90.4,72.3,81.5,69.1,71.4,0.012,100,12.5,13.0,5.8,68.9,1012.8,26.8,2.6,180.7,15.5,7,30,0.2,145
dhaka,2024-11-08,88.6,74.0,80.4,91.0,74.0,81.4,67.2,65.9,0.0,0,0.0,16.6,8.1,55.7,1012.7,5.2,2.6,200.5,17.2,7,10,0.23,120
dhaka,2024-11-09,88.4,73.0,79.8,89.8,73.0,80.4,65.8,64.3,0.0,0,0.0,14.1,9.2,28.2,1012.6,0.0,2.7,200.6,17.1,7,10,0.25,96
dhaka,2024-11-10,87.8,71.7,80.0,90.4,71.7,81.0,66.9,65.8,0.0,0,0.0,11.6,4.7,56.6,1013.0,11.1,2.6,200.6,17.3,7,10,0.3,132
dhaka,2024-11-11,89.6,71.8,81.0,91.2,71.8,82.0,66.6,63.7,0.0,0,0.0,10.5,8.1,4.4,1012.5,21.6,2.7,179.9,15.6,7,10,0.34,131
dhaka,2024-11-12,89.4,74.2,81.2,88.4,74.2,81.7,64.1,57.7,0.0,0,0.0,12.8,5.8,335.9,1011.8,31.1,2.6,183.9,15.9,7,10,0.37,152
dhaka,2024-11-13,87.8,72.4,79.4,88.4,72.4,80.1,66.0,65.1,0.0,0,0.0,14.5,9.2,325.4,1011.2,14.4,2.7,197.9,16.9,7,10,0.41,156
dhaka,2024-11-14,87.8,73.0,79.2,88.5,73.0,79.9,67.1,68.5,0.0,0,0.0,16.3,9.2,319.5,1012.1,22.6,2.4,196.6,17.0,7,10,0.44,184
dhaka,2024-11-15,86.8,71.6,78.1,87.0,71.6,78.7,66.5,69.7,0.0,0,0.0,14.8,8.1,305.6,1011.8,13.7,2.2,189.8,16.3,7,10,0.48,199
dhaka,2024-11-16,85.8,71.2,77.1,84.7,71.2,77.1,63.1,64.2,0.0,0,0.0,13.9,8.1,313.4,1011.2,7.7,1.9,192.3,16.7,7,10,0.5,245
dhaka,2024-11-17,85.4,66.2,75.8,82.8,66.2,75.3,56.3,54.6,0.0,0,0.0,7.6,4.7,283.2,1011.5,10.0,2.1,215.1,18.5,8,10,0.54,220
dhaka,2024-11-18,84.1,66.1,74.8,83.8,66.1,74.8,59.9,62.2,0.0,0,0.0,11.2,5.8,34.4,1012.5,12.3,2.2,192.1,16.5,7,10,0.58,219
dhaka,2024-11-19,84.1,66.1,75.4,83.4,66.1,75.2,61.2,64.7,0.0,0,0.0,12.5,5.8,21.1,1013.0,1.0,2.1,196.6,16.9,7,10,0.61,190
dhaka,2024-11-20,84.1,66.1,74.9,82.2,66.1,74.6,59.7,63.3,0.0,0,0.0,11.2,4.7,266.0,1012.1,2.9,2.3,185.4,16.1,7,10,0.64,211
dhaka,2024-11-21,84.1,66.1,74.5,82.4,66.1,74.2,59.4,62.8,0.0,0,0.0,11.0,4.7,234.4,1012.0,8.4,2.4,189.1,16.4,7,10,0.67,212
dhaka,2024-11-22,83.7,66.2,74.8,82.2,66.2,74.5,59.0,61.2,0.0,0,0.0,8.9,4.7,257.4,1012.3,33.4,2.5,205.8,17.7,8,10,0.71,231
dhaka,2024-11-23,83.6,68.0,75.4,83.5,68.0,75.5,62.5,65.9,0.0,0,0.0,13.6,8.1,313.3,1013.2,33.3,2.1,159.8,13.9,6,10,0.75,200
dhaka,2024-11-24,83.1,68.0,74.3,81.9,68.0,74.2,60.7,64.8,0.0,0,0.0,12.3,34.4,296.9,1013.7,25.1,2.0,139.0,12.1,6,10,0.77,243
dhaka,2024-11-25,81.9,66.2,73.2,81.0,66.2,73.2,58.8,62.1,0.0,0,0.0,11.4,6.9,322.6,1013.4,39.1,1.9,175.8,15.1,7,10,0.8,258
dhaka,2024-11-26,81.6,66.2,72.9,81.5,66.2,72.9,59.6,64.8,0.0,0,0.0,11.2,6.9,295.2,1012.7,20.2,2.1,162.5,14.0,7,10,0.84,217
dhaka,2024-11-27,83.0,64.4,73.6,82.1,64.4,73.5,60.0,65.6,0.0,0,0.0,11.4,6.9,50.1,1012.3,24.5,2.3,183.3,16.0,7,10,0.87,221
dhaka,2024-11-28,85.5,66.0,74.5,83.7,66.0,74.4,59.2,61.4,0.0,0,0.0,13.6,6.9,11.4,1013.0,23.5,2.5,185.3,16.1,7,10,0.9,177
dhaka,2024-11-29,86.4,68.9,76.9,85.7,68.9,76.7,59.9,57.4,0.004,100,4.17,9.8,5.8,346.7,1013.2,31.0,2.7,143.8,12.3,6,10,0.93,158
dhaka,2024-11-30,86.1,68.0,75.5,86.2,68.0,75.8,63.0,66.2,0.008,100,4.17,11.4,8.6,298.5,1012.2,58.0,2.5,99.2,8.5,4,10,0.97,155
dhaka,2024-12-01,84.1,67.9,75.0,83.9,67.9,74.8,59.6,61.5,0.0,0,0.0,8.9,5.8,285.1,1010.5,40.6,2.9,140.5,12.0,6,10,0.0,177
dhaka,2024-12-02,83.6,66.2,74.2,82.2,66.2,74.1,58.4,60.1,0.0,0,0.0,11.6,6.3,302.9,1011.3,33.1,2.6,153.8,13.2,7,10,0.03,174
dhaka,2024-12-03,83.7,66.3,74.2,82.9,66.3,74.1,59.0,61.0,0.0,0,0.0,12.8,7.5,302.8,1012.2,6.6,2.6,172.1,14.9,7,10,0.07,181
dhaka,2024-12-04,82.8,64.4,72.5,81.3,64.4,72.4,57.9,62.5,0.0,0,0.0,13.2,5.9,303.5,1012.3,0.0,2.0,184.0,15.8,7,10,0.11,242
dhaka,2024-12-05,82.5,66.1,72.7,81.2,66.1,72.6,58.4,63.6,0.0,0,0.0,12.8,5.2,281.4,1012.2,0.3,1.7,183.5,15.7,7,10,0.14,297
dhaka,2024-12-06,80.2,62.6,70.4,79.6,62.6,70.4,52.3,56.2,0.0,0,0.0,14.5,9.2,305.3,1011.8,0.3,2.3,182.7,15.7,7,10,0.18,230
dhaka,2024-12-07,80.2,59.7,69.5,79.0,59.7,69.4,48.3,50.5,0.0,0,0.0,12.8,8.1,298.5,1012.6,12.0,2.5,186.8,16.1,7,10,0.21,224
dhaka,2024-12-08,79.7,59.0,68.9,79.7,59.0,68.9,51.5,57.0,0.0,0,0.0,11.0,7.0,308.6,1012.8,5.4,2.2,186.3,16.1,7,10,0.25,240
dhaka,2024-12-09,77.8,59.9,68.5,77.8,59.9,68.5,59.5,75.7,0.0,0,0.0,11.4,8.1,327.2,1012.5,56.1,1.4,162.6,14.1,7,10,0.28,285
dhaka,2024-12-10,77.7,62.6,69.0,77.7,62.6,69.0,59.8,74.5,0.0,0,0.0,14.1,7.5,317.3,1013.1,31.5,1.6,176.2,15.3,7,10,0.32,231
dhaka,2024-12-11,76.0,59.0,66.3,76.0,59.0,66.3,55.2,71.2,0.0,0,0.0,17.0,10.8,312.5,1014.4,11.6,1.6,182.2,15.7,7,10,0.35,232
dhaka,2024-12-12,69.3,59.0,62.2,69.3,59.0,62.2,58.3,87.5,0.0,0,0.0,17.2,7.5,312.1,1013.0,51.7,1.1,172.3,15.0,7,10,0.39,222
dhaka,2024-12-13,76.6,59.0,65.4,76.6,59.0,65.4,59.2,82.1,0.0,0,0.0,15.7,7.0,332.3,1013.5,37.4,1.3,179.6,15.4,7,10,0.42,235
dhaka,2024-12-14,76.0,60.8,65.8,76.0,60.8,65.8,56.5,73.6,0.0,0,0.0,13.4,8.0,357.3,1015.3,10.3,1.5,183.4,15.9,7,10,0.46,303
dhaka,2024-12-15,78.9,59.0,66.9,78.9,59.0,66.9,55.1,69.3,0.0,0,0.0,13.0,5.8,353.5,1015.6,0.2,1.9,185.9,15.9,7,10,0.5,252
dhaka,2024-12-16,80.7,56.3,67.7,79.6,56.3,67.6,53.3,64.5,0.0,0,0.0,10.3,4.1,49.5,1014.5,8.1,1.9,187.5,16.1,7,10,0.53,294
dhaka,2024-12-17,84.2,57.2,69.6,82.0,57.2,69.4,53.3,60.4,0.0,0,0.0,9.8,4.6,264.0,1013.8,26.4,1.9,172.7,14.8,7,10,0.56,268
dhaka,2024-12-18,80.5,61.7,69.4,79.7,61.7,69.4,56.0,65.1,0.0,0,0.0,11.4,5.8,283.2,1013.1,36.3,4.3,171.5,14.7,7,10,0.59,233
dhaka,2024-12-19,78.9,59.1,68.6,78.9,59.1,68.6,56.8,68.6,0.0,0,0.0,10.5,4.7,308.6,1013.9,33.4,1.8,177.4,15.2,7,10,0.62,333
dhaka,2024-12-20,78.8,60.8,68.6,78.8,60.8,68.6,56.2,68.2,0.0,0,0.0,10.3,5.8,314.4,1012.9,54.0,1.8,174.7,15.0,7,10,0.66,291
dhaka,2024-12-21,76.6,60.9,68.1,76.6,60.9,68.1,59.3,74.1,0.02,100,16.67,11.9,5.8,249.9,1013.7,79.6,1.4,112.5,9.6,5,10,0.69,300
dhaka,2024-12-22,77.8,59.1,67.6,77.8,59.1,67.6,58.6,75.6,0.0,0,0.0,15.9,8.1,11.8,1014.8,27.0,1.5,173.5,15.0,7,10,0.72,293
dhaka,2024-12-23,79.6,59.1,68.7,79.6,59.1,68.7,56.3,68.1,0.0,0,0.0,11.2,5.8,323.4,1014.0,13.8,2.3,182.9,15.8,7,10,0.75,261
dhaka,2024-12-24,78.8,59.9,68.8,78.8,59.9,68.8,55.3,65.3,0.0,0,0.0,10.5,6.3,317.0,1014.0,6.8,2.0,181.4,15.7,7,10,0.79,242
dhaka,2024-12-25,78.9,62.7,70.1,78.9,62.7,70.1,54.1,58.8,0.0,0,0.0,10.7,5.8,305.4,1016.1,40.7,2.2,145.7,12.5,6,10,0.82,244
dhaka,2024-12-26,82.5,62.7,71.4,81.0,62.7,71.2,54.8,58.3,0.0,0,0.0,13.2,9.2,316.9,1017.8,13.0,2.3,174.9,15.0,7,10,0.85,211
dhaka,2024-12-27,81.0,60.8,70.5,80.0,60.8,70.4,54.5,59.5,0.0,0,0.0,13.4,9.2,319.1,1017.3,2.1,2.5,185.2,15.9,7,10,0.88,192
dhaka,2024-12-28,80.8,60.8,70.1,80.5,60.8,70.1,57.0,66.0,0.0,0,0.0,10.3,4.7,319.7,1016.0,19.0,2.1,183.7,15.9,7,10,0.91,230
dhaka,2024-12-29,80.7,60.8,70.2,80.1,60.8,70.2,56.7,65.4,0.0,0,0.0,13.2,6.9,294.6,1015.2,2.6,1.9,174.9,15.2,7,10,0.95,244
dhaka,2025-01-01,66.5,59.0,61.9,66.5,59.0,61.9,58.5,88.8,0.0,0,0.0,15.0,9.2,321.7,1014.5,67.5,1.1,166.5,14.4,7,10,0.05,278
dhaka,2025-01-02,60.4,57.2,58.5,60.4,57.2,58.5,56.2,92.2,0.0,0,0.0,15.0,9.2,318.9,1015.2,76.2,0.9,157.9,13.7,7,10,0.08,248
dhaka,2025-01-03,62.9,57.2,59.8,62.9,57.2,59.8,56.8,90.3,0.0,0,0.0,12.5,6.9,338.7,1015.4,76.6,1.0,166.8,14.2,7,10,0.12,195
dhaka,2025-01-04,72.6,55.4,64.4,72.6,55.4,64.4,58.9,82.8,0.0,0,0.0,10.5,5.8,59.4,1013.8,42.5,1.4,147.4,12.8,7,10,0.15,239
dhaka,2025-01-05,82.4,59.0,69.1,81.8,59.0,69.1,60.0,75.8,0.0,0,0.0,10.3,8.1,122.9,1014.3,55.8,3.2,155.4,13.4,7,10,0.19,303
dhaka,2025-01-06,84.2,60.8,71.8,83.0,60.8,71.7,60.8,71.7,0.0,0,0.0,10.1,6.9,263.3,1013.2,45.7,1.8,167.9,14.3,7,10,0.23,282
dhaka,2025-01-07,78.9,62.6,70.4,78.9,62.6,70.4,57.8,66.7,0.0,0,0.0,15.4,9.2,239.3,1012.2,20.5,1.9,169.4,14.7,7,10,0.25,239
dhaka,2025-01-08,69.8,60.8,64.3,69.8,60.8,64.3,57.4,78.8,0.0,0,0.0,15.7,10.3,316.9,1014.1,51.9,1.4,167.1,14.4,6,10,0.3,234
dhaka,2025-01-09,72.9,57.2,64.0,72.9,57.2,64.0,53.4,69.6,0.0,0,0.0,15.0,9.2,321.6,1016.6,20.8,2.0,188.6,16.2,7,10,0.33,198
dhaka,2025-01-10,77.0,55.4,65.7,77.0,55.4,65.7,52.2,64.2,0.0,0,0.0,11.2,5.8,308.1,1017.9,4.2,1.9,192.5,16.7,7,10,0.37,236
dhaka,2025-01-11,80.2,55.4,67.2,79.0,55.4,67.1,52.5,64.0,0.0,0,0.0,11.9,5.8,353.3,1017.5,22.0,1.8,192.3,16.6,7,10,0.4,268
dhaka,2025-01-12,82.5,58.5,69.8,81.3,58.5,69.6,54.2,61.3,0.0,0,0.0,10.7,5.8,202.0,1016.5,16.7,2.1,190.4,16.4,7,10,0.44,260
dhaka,2025-01-13,79.5,59.0,69.8,79.5,59.0,69.8,55.4,63.2,0.0,0,0.0,13.9,6.9,266.3,1014.3,4.6,1.8,186.2,15.9,7,10,0.48,297
dhaka,2025-01-14,79.8,60.8,70.0,79.8,60.8,70.0,56.1,63.8,0.0,0,0.0,14.5,8.1,320.8,1016.8,19.9,1.9,188.9,16.2,7,10,0.5,239
dhaka,2025-01-15,79.8,60.8,69.2,79.8,60.8,69.2,56.4,66.8,0.0,0,0.0,15.7,8.1,314.2,1017.2,31.7,1.7,191.5,16.5,7,10,0.54,243
dhaka,2025-01-16,81.8,59.0,69.4,80.9,59.0,69.3,56.3,66.9,0.0,0,0.0,10.3,6.9,310.7,1016.6,25.3,1.8,195.7,17.0,7,10,0.57,246
dhaka,2025-01-17,81.4,60.8,70.6,80.5,60.8,70.5,56.1,63.2,0.0,0,0.0,12.8,9.2,306.0,1015.5,8.4,1.9,190.7,16.4,7,10,0.61,243
dhaka,2025-01-18,80.1,60.8,69.8,79.5,60.8,69.8,56.7,66.3,0.0,0,0.0,13.4,8.1,305.2,1015.0,9.0,1.9,190.8,16.5,7,10,0.64,234
dhaka,2025-01-19,77.8,60.8,68.3,77.8,60.8,68.3,52.0,58.2,0.0,0,0.0,16.3,8.1,303.6,1013.6,0.0,2.2,200.9,17.4,7,10,0.67,195
dhaka,2025-01-20,76.6,59.0,66.9,76.6,59.0,66.9,54.2,65.5,0.0,0,0.0,14.3,5.8,278.4,1012.1,4.9,1.8,198.4,17.2,7,10,0.7,229
dhaka,2025-01-21,75.4,57.2,66.5,75.4,57.2,66.5,56.2,71.6,0.0,0,0.0,14.3,9.2,279.4,1011.4,27.1,1.5,194.0,16.9,7,10,0.73,298
dhaka,2025-01-22,76.3,59.0,66.7,76.3,59.0,66.7,61.3,83.4,0.0,0,0.0,14.3,6.9,293.2,1012.3,34.5,0.9,194.1,16.8,7,10,0.75,412
dhaka,2025-01-23,71.7,57.2,63.7,71.7,57.2,63.7,57.0,79.8,0.0,0,0.0,16.6,6.9,293.9,1013.2,30.7,1.0,200.8,17.3,7,10,0.8,295
dhaka,2025-01-24,73.4,57.2,63.6,73.4,57.2,63.6,57.6,81.9,0.0,0,0.0,16.8,4.7,358.8,1012.9,21.4,1.0,183.8,15.8,7,10,0.83,280
dhaka,2025-01-25,77.2,60.8,67.7,77.2,60.8,67.7,54.7,65.6,0.0,0,0.0,10.1,8.1,318.5,1013.6,22.3,1.4,123.6,10.8,5,10,0.86,274
dhaka,2025-01-26,76.0,57.2,66.8,76.0,57.2,66.8,54.1,65.8,0.0,0,0.0,13.9,8.1,314.9,1012.9,16.9,1.8,207.7,18.0,8,10,0.89,233
dhaka,2025-01-27,76.0,59.0,67.1,76.0,59.0,67.1,56.4,70.4,0.0,0,0.0,12.3,6.9,296.4,1010.9,16.9,1.5,188.3,16.2,7,10,0.93,277
dhaka,2025-01-28,79.6,59.0,68.0,79.6,59.0,68.0,52.0,60.4,0.0,0,0.0,9.8,6.9,281.5,1012.6,16.7,1.7,183.3,15.9,7,10,0.96,308
dhaka,2025-01-29,80.2,59.0,68.4,79.0,59.0,68.4,50.2,57.2,0.0,0,0.0,13.4,5.8,231.7,1014.8,2.9,1.7,210.4,18.2,8,10,0.0,375
dhaka,2025-01-30,79.0,60.8,70.4,79.0,60.8,70.4,60.3,71.0,0.084,100,50.0,18.1,11.4,187.8,1011.1,35.5,1.7,145.7,12.5,6,10,0.03,328
dhaka,2025-01-31,81.2,69.8,74.0,83.9,69.8,74.4,67.9,82.1,0.068,100,45.83,19.9,9.2,193.7,1010.9,56.7,1.6,117.5,10.0,5,10,0.06,193
dhaka,2025-02-01,80.7,66.2,73.4,82.9,66.2,73.7,66.8,80.9,0.036,100,25.0,12.8,6.9,254.8,1011.9,48.6,1.4,158.1,13.5,7,10,0.1,228
dhaka,2025-02-02,82.6,66.2,73.7,84.6,66.2,74.0,65.0,76.1,0.0,0,0.0,14.8,6.9,250.4,1011.7,33.2,1.3,185.1,16.1,7,10,0.13,298
dhaka,2025-02-03,83.1,65.8,72.4,81.5,65.8,72.3,59.0,67.7,0.0,0,0.0,13.2,9.2,314.7,1012.5,31.2,1.5,205.6,17.8,8,10,0.17,234
dhaka,2025-02-04,80.1,60.8,70.6,80.0,60.8,70.6,55.2,60.0,0.0,0,0.0,13.6,6.9,301.5,1012.1,5.3,2.0,214.4,18.5,8,10,0.2,240
dhaka,2025-02-05,82.6,64.4,72.4,81.5,64.4,72.3,59.4,66.4,0.0,0,0.0,14.3,5.8,260.5,1010.6,23.2,1.7,209.5,18.0,8,10,0.25,299
dhaka,2025-02-06,85.0,64.4,73.8,83.4,64.4,73.6,58.2,61.5,0.0,0,0.0,14.5,8.1,299.0,1011.3,13.5,1.9,212.5,18.3,8,10,0.27,300
dhaka,2025-02-07,79.8,59.0,70.2,79.8,59.0,70.2,46.5,45.1,0.0,0,0.0,14.5,8.1,305.9,1013.4,0.0,2.5,229.2,19.7,8,10,0.31,197
dhaka,2025-02-08,80.0,60.8,69.2,78.8,60.8,69.2,44.5,44.4,0.0,0,0.0,14.1,9.2,298.2,1013.7,6.7,2.5,229.4,19.7,8,10,0.35,201
dhaka,2025-02-09,78.9,59.0,68.9,78.9,59.0,68.9,47.9,49.7,0.0,0,0.0,14.1,8.1,290.2,1012.8,4.6,2.4,226.4,19.5,8,10,0.38,215
dhaka,2025-02-10,83.1,59.0,70.2,81.2,59.0,69.9,52.4,57.5,0.0,0,0.0,15.0,8.1,243.7,1013.2,17.2,2.0,225.6,19.4,8,10,0.42,311
dhaka,2025-02-11,84.3,64.4,72.6,84.0,64.4,72.8,60.7,68.4,0.008,100,8.33,20.8,8.1,235.1,1012.1,28.2,1.7,205.3,17.7,7,10,0.45,243
dhaka,2025-02-12,83.7,67.9,74.8,85.3,67.9,75.2,66.0,75.5,0.012,100,4.17,21.3,6.9,207.1,1012.0,44.6,1.7,189.4,16.3,7,10,0.5,183
dhaka,2025-02-13,85.6,71.6,77.1,85.6,71.6,77.4,65.5,70.0,0.0,0,0.0,18.3,8.1,238.7,1010.9,28.2,2.2,161.0,13.8,8,10,0.52,170
dhaka,2025-02-14,82.4,64.4,72.6,80.3,64.4,72.4,49.7,48.3,0.0,0,0.0,15.0,9.2,312.2,1011.6,4.6,2.6,238.2,20.7,8,10,0.55,179
dhaka,2025-02-15,83.4,61.5,72.1,80.9,61.5,71.6,46.8,44.7,0.0,0,0.0,14.1,8.1,205.0,1011.6,11.9,2.6,233.8,20.2,8,10,0.59,196
dhaka,2025-02-16,86.2,62.6,73.8,83.8,62.6,73.2,54.4,55.0,0.0,0,0.0,16.6,6.9,210.8,1011.7,6.1,2.2,230.4,19.7,8,10,0.62,253
dhaka,2025-02-17,86.4,66.2,75.9,85.1,66.2,75.8,62.6,66.1,0.004,100,4.17,15.9,5.8,225.1,1013.3,27.2,2.0,218.6,18.6,8,10,0.65,251
dhaka,2025-02-18,85.6,69.8,76.9,87.4,69.8,77.8,66.7,71.8,0.111,100,29.17,16.6,6.9,255.4,1012.8,26.5,1.8,217.4,18.7,8,10,0.68,213
dhaka,2025-02-19,87.8,69.0,77.3,86.3,69.0,77.0,60.9,59.9,0.008,100,8.33,12.8,9.2,350.0,1012.4,29.7,2.0,196.8,17.0,7,10,0.72,244
dhaka,2025-02-20,86.6,68.1,76.8,84.2,68.1,76.4,60.3,60.8,0.008,100,4.17,15.2,5.8,2.2,1013.9,44.9,2.0,212.5,18.4,8,10,0.75,249
dhaka,2025-02-21,87.3,69.7,77.4,85.8,69.7,77.3,62.3,62.9,0.0,0,0.0,14.8,6.9,273.0,1013.6,22.2,1.9,220.4,19.0,8,10,0.78,222
dhaka,2025-02-22,84.3,68.0,74.9,85.7,68.0,75.2,63.6,69.8,0.059,100,4.17,13.9,10.4,99.5,1014.3,48.7,2.0,214.0,18.4,8,10,0.81,193
dhaka,2025-02-23,84.2,68.0,73.7,85.0,68.0,73.8,61.5,67.3,0.012,100,4.17,15.0,17.2,39.6,1015.3,64.6,2.3,196.5,16.9,7,10,0.85,201
dhaka,2025-02-24,87.2,66.2,75.2,84.5,66.2,74.7,56.3,56.2,0.0,0,0.0,13.0,6.9,356.3,1016.3,23.1,2.5,229.6,20.0,8,10,0.88,171
dhaka,2025-02-25,86.0,66.0,76.6,83.7,66.0,76.1,56.0,52.0,0.0,0,0.0,13.2,8.1,336.9,1017.2,51.0,2.5,197.0,17.2,8,10,0.91,195
dhaka,2025-02-26,87.4,64.6,75.7,83.8,64.6,74.9,51.4,48.0,0.0,0,0.0,15.0,85.2,317.8,1017.1,28.4,2.4,252.5,21.8,9,10,0.94,228
dhaka,2025-02-27,86.0,66.2,76.2,83.6,66.2,75.7,54.8,50.2,0.0,0,0.0,17.0,8.1,303.2,1014.6,19.3,2.4,246.4,21.4,9,10,0.97,210
dhaka,2025-02-28,86.8,69.2,77.1,85.9,69.2,77.1,60.0,57.2,0.0,0,0.0,15.0,4.7,112.0,1013.4,32.6,2.6,202.3,17.4,8,10,0.0,244
dhaka,2025-03-01,90.3,68.0,79.0,90.3,68.0,79.2,64.3,63.8,0.0,0,0.0,21.7,9.2,206.0,1010.9,35.0,2.1,237.1,20.4,8,10,0.04,249
dhaka,2025-03-02,90.3,73.4,80.9,88.2,73.4,80.8,63.6,59.0,0.0,0,0.0,23.0,9.2,250.1,1008.0,13.5,2.4,236.6,20.4,8,10,0.08,193
dhaka,2025-03-03,89.6,74.2,80.9,85.8,74.2,79.7,55.0,46.5,0.0,0,0.0,12.8,11.4,317.0,1009.5,32.1,2.3,178.0,15.3,6,10,0.11,245
dhaka,2025-03-04,89.8,69.3,79.6,86.2,69.3,78.4,49.6,37.1,0.0,0,0.0,18.8,8.1,278.5,1009.5,11.9,2.7,259.2,22.3,9,10,0.15,174
